POS,REF,ALT,MITOMAP_GENBANK_AC,MITOMAP_GENBANK_AF,MITOMAP_aachange,MITOMAP_homoplasmy,MITOMAP_heteroplasmy,MITOMAP_PubmedIDs,MITOMAP_Disease,MITOMAP_DiseaseStatus
72,T,C,1116,1.82,noncoding,nr,nr,37793469,Protective-factor-for-stroke-risk-(hg-V),Reported
114,C,T,263,0.43,noncoding,+,-,19290059,BD-associated,Reported
146,T,C,11525,18.84,noncoding,+,-,29124462,Absence-of-Endometriosis,Reported
150,C,T,7930,12.96,noncoding,+,+,12538859,Longevity-/-Cervical-Carcinoma-/-HPV-infection-risk,Conflicting-reports
195,T,C,11562,18.9,noncoding,+,+,19290059,BD-associated-/-melanoma-pts,Reported
309,C,CC,616,1.01,noncoding,nr,nr,"19703591,22174736","AD-weakly-associated,Higher-in-melanoma-patient-group","Reported,Reported"
309,C,CCC,189,0.31,noncoding,nr,nr,"19703591,22174736","AD-weakly-associated,Higher-in-melanoma-patient-group","Reported,Reported"
310,T,C,24266,39.67,noncoding,,,30312593,Possible-protective-factor-for-normal-tension-glaucoma,Reported
315,C,CC,18403,30.09,noncoding,nr,nr,22174736,Melanoma-patients,Reported
351,A,G,0,0,noncoding,nr,nr,32504279,Patient-with-CPEO,Reported
499,G,A,2309,3.77,noncoding,+,-,23096691,Endometriosis-/-possible-protective-factor-for-high-altitude-sicknes,Reported
547,A,T,0,0,noncoding,+,-,28267784,Tubulointerstitial-kidney-disease,Reported
573,C,CCC,660,1.08,noncoding,+,-,29124462,Absence-of-Endometriosis,Reported
576,A,G,3,0,noncodingMT-TFprecursor,nr,nr,32169613,Hearing-loss-patient,Reported
578,T,C,0,0,,nr,+,27119776,Unspecified-patient-from-clinical-lab-/-MS,Reported
582,T,C,0,0,,-,+,14659412,Mitochondrial-myopathy,Reported
583,G,A,0,0,,-,+,9771776,MELAS-/-MM-&-EXIT,Cfrm-[VUS*]
586,G,A,0,0,,-,+,19718780,Extrapyramidal-disorder-with-akinesia-rigidity+-psychosis-and-SNHL,Reported
590,A,G,0,0,,-,+,32419253,EXIT+ataxia+RP,Reported
591,C,T,0,0,,+,-,34607911,Gitelman-like-syndrome,Reported
593,T,C,294,0.48,,+,-,22039503,Nonsyndromic-hearing-loss-/-LHON,Reported
602,C,T,0,0,,-,+,21424749,Axial-myopathy-with-encephalopathy,Reported
606,A,G,22,0.04,,+,+,9066365,Myoglobinuria,Unclear
608,A,G,0,0,,+,-,11231339,Tubulo-interstitial-nephritis,Reported
611,G,A,0,0,,nr,+,15184630,MERRF,Reported
616,T,C,1,0,,+,+,"20142618,20142618","Maternally-inherited-epilepsy-/-mito-tubulointerstitial-kidney-disease-(MITKD)-/-Gitelman-like-syndrome,Maternally-inherited-epilepsy","Cfrm-[LP],Reported"
616,T,G,1,0,,+,+,"20142618,20142618","Maternally-inherited-epilepsy-/-mito-tubulointerstitial-kidney-disease-(MITKD)-/-Gitelman-like-syndrome,Maternally-inherited-epilepsy","Cfrm-[LP],Reported"
617,G,A,0,0,,-,+,19091329,Carotid-artery-stenosis,Reported
618,T,C,0,0,,-,+,"9636664,21882289","MM,Ptosis-CPEO-MM-&-EXIT","Reported,Reported"
618,T,G,0,0,,-,+,"9636664,21882289","MM,Ptosis-CPEO-MM-&-EXIT","Reported,Reported"
622,G,A,0,0,,-,+,16769874,EXIT-&-Deafness,Reported
625,G,A,0,0,,-,+,21914246,SNHL-&-Epilepsy,Reported
628,C,T,3,0,,-,+,22979943,DEAF,Reported
636,A,G,20,0.03,,+,-,18790089,DEAF,Reported
641,A,T,0,0,,-,+,31009750,Epileptic-Encephalopathy,Reported
642,T,C,0,0,,-,+,18977334,Ataxia+-PEO+-deafness,Reported
643,A,G,0,0,,+,-,34607911,Gitelman-like-syndrome,Reported
652,GG,G,0,0,,-,+,28951770,Atherosclerosis-risk,Reported
653,G,GG,0,0,,-,+,29670672,Atherosclerosis-study,Reported
663,A,G,1757,2.87,,+,-,21099167,Coronary-atherosclerosis-risk,Reported
669,T,C,108,0.18,,+,-,17637808,DEAF,Reported
721,T,C,137,0.22,,+,-,20211276,Possibly-LVNC-associated,Reported
735,A,G,77,0.13,,nr,nr,20055758,DEAF,Reported
745,A,G,38,0.06,,+,-,20100600,DEAF-associated,Reported
773,T,C,4,0.01,,-,+,33504965,Possible-association-with-sepsis,Reported
792,C,T,5,0.01,,+,-,20100600,Increased-risk-of-nonsyndromic-deafness,Reported
801,A,G,7,0.01,,+,-,20100600,DEAF-associated,Reported
827,A,G,1587,2.59,,+,-,18261986,DEAF,Conflicting-reports
839,A,G,7,0.01,,+,-,20100600,DEAF-associated,Reported
850,T,C,122,0.2,,+,-,20211276,Possibly-LVNC-associated,Reported
856,A,G,18,0.03,,+,-,8728098,LHON-helper-/-AD-/-DEAF-associated,Reported
869,C,T,75,0.12,,+,-,16266762,found-in-1-HCM-patient,Reported
921,T,C,435,0.71,,+,-,20211276,Possibly-LVNC-associated,Reported
955,A,C,3,0,,-,+,33504965,Possible-association-with-sepsis,Reported
959,CC,C,57,0.09,,+,-,18851951,Possibly-DEAF-associated,Reported
960,C,CC,386,0.63,,+,-,12394346,Possibly-DEAF-associated,Reported
961,T,C,556,0.91,,+,-,"7550368,8104867,15286157","DEAF+-possibly-LVNC-associated,DEAF-/-AD-associated-/-intellectual-disability,Possibly-DEAF-associated","Unclear,Unclear,Unclear"
961,T,CC,0,0,,+,+,"7550368,8104867,15286157","DEAF+-possibly-LVNC-associated,DEAF-/-AD-associated-/-intellectual-disability,Possibly-DEAF-associated","Unclear,Unclear,Unclear"
961,T,G,220,0.36,,+,-,"7550368,8104867,15286157","DEAF+-possibly-LVNC-associated,DEAF-/-AD-associated-/-intellectual-disability,Possibly-DEAF-associated","Unclear,Unclear,Unclear"
965,C,CC,1,0,,+,-,10326749,DEAF,Unclear
988,G,A,52,0.09,,nr,nr,20353758,Possible-DEAF-risk-factor,Reported
990,T,C,36,0.06,,+,-,18790089,DEAF,Reported
1005,T,C,272,0.44,,+,-,15841390,DEAF,Unclear
1027,A,G,18,0.03,,+,-,20100600,DEAF-associated,Reported
1095,T,C,65,0.11,,+,+,11079536,SNHL,Unclear
1116,A,G,11,0.02,,+,-,15841390,DEAF,Reported
1119,T,C,322,0.53,,nr,nr,23096691,Possible-role-in-high-altitude-sickness,Reported
1180,T,G,0,0,,+,-,15286157,Possibly-DEAF-associated,Reported
1192,C,A,10,0.02,,+,-,"20100600,20100600","DEAF-associated,DEAF-associated","Reported,Reported"
1192,C,T,15,0.02,,+,-,"20100600,20100600","DEAF-associated,DEAF-associated","Reported,Reported"
1226,C,G,0,0,,+,-,15286157,Possibly-DEAF-associated,Reported
1291,T,C,55,0.09,,+,-,16574076,DEAF,Unclear
1310,C,T,39,0.06,,+,-,20100600,DEAF-associated,Reported
1331,A,G,10,0.02,,+,-,20100600,DEAF-associated,Reported
1349,T,G,0,0,,-,+,,DEAF,Reported
1374,A,G,1,0,,+,-,20100600,DEAF-associated,Reported
1382,A,C,194,0.32,,+,-,26289118,Longevity-/-T2D-susceptibility,Reported
1391,T,C,129,0.21,,+,+,16266762,found-in-1-HCM-patient,Reported
1420,T,G,0,0,,+,+,,DEAF,Reported
1452,T,C,52,0.09,,+,-,20100600,DEAF-associated,Reported
1453,A,G,110,0.18,,nr,nr,20353758,Possible-DEAF-risk-factor,Reported
1492,A,C,0,0,,-,+,,DEAF,Reported
1494,C,T,5,0.01,,+,-,15722487,DEAF,Cfrm-[LP]
1517,A,C,0,0,,-,+,18325329,DEAF,Reported
1537,C,T,9,0.01,,+,-,17637808,DEAF|-intellectual-disability,Reported
1544,A,T,0,0,,+,-,24092330,DEAF,Reported
1546,A,T,0,0,,+,-,,DEAF,Reported
1554,G,A,0,0,,+,-,,DEAF,Reported
1555,A,G,86,0.14,,+,+,8285309,DEAF|-autism-spectrum-intellectual-disability|-possibly-antiatherosclerotic,Cfrm-[P]
1556,C,T,13,0.02,,+,-,16266762,found-in-1-HCM-patient,Reported
1575,T,G,0,0,,+,-,,DEAF,Reported
1577,T,G,0,0,,-,+,,DEAF,Reported
1606,G,A,0,0,,-,+,9450773,AMDF,Cfrm-[VUS*]
1607,T,C,12,0.02,,+,+,23463613,Suspected-mito-disease,Reported
1612,C,T,0,0,,+,-,33082984,LVNC-(left-ventricular-noncompaction),Reported-(VUS)
1616,A,G,1,0,,nr,nr,28893805,MELAS,Reported
1624,C,T,0,0,,+,-,11799391,Leigh-Syndrome,Reported
1630,A,G,0,0,,-,+,19252805,MNGIE-like-disease-/-MELAS,Cfrm-[VUS*]
1640,A,G,2,0,,+,+,23301511,MELAS,Reported
1642,G,A,0,0,,-,+,8797538,MELAS,Reported
1643,A,G,1,0,,+,+,22638997,Late-infantile-onset-fatal-mito-disease,Reported
1644,G,A,0,0,,-,+,"15320572,9270602","Leigh-Syndrome-/-HCM-/-MELAS,Adult-Leigh-Syndrome","Cfrm-[LP],Reported"
1644,G,T,0,0,,-,+,"15320572,9270602","Leigh-Syndrome-/-HCM-/-MELAS,Adult-Leigh-Syndrome","Cfrm-[LP],Reported"
1659,T,C,0,0,,-,+,31965079,Movement-Disorder,Reported
1661,A,G,1,0,,+,-,28027978,Charcot-Marie-Tooth-(CMT),Reported-[VUS]
2156,A,AA,205,0.34,,-,+,7723627,Possible-association-with-sepsis,Reported
2158,T,C,249,0.41,,nr,nr,23645593,Reduced-risk-PD,Reported
2336,T,C,0,0,,+,-,24367055,Hypertrophic-cardiomyopathy,Reported
2352,T,C,1620,2.65,,+,-,20211276,Possibly-LVNC-associated,Reported
2361,G,A,148,0.24,,+,-,20211276,Possibly-LVNC-associated,Reported
2492,G,A,1,0,,-,+,33504965,Possible-association-with-sepsis,Reported
2639,C,A,1,0,,+,-,27217714,Rare-mutation-in-a-single-POAG-patient,Reported
2647,G,A,1,0,,-,+,33504965,Possible-association-with-sepsis,Reported
2648,T,C,1,0,,nr,nr,32105570,Rett-Syndrome,Reported
2755,A,G,274,0.45,,+,-,20211276,Possibly-LVNC-associated,Reported
2806,T,A,0,0,,-,+,33504965,Possible-association-with-sepsis,Reported
2835,C,T,72,0.12,,-,+,9436797,Rett-Syndrome,Reported
3010,G,A,9385,15.34,,+,-,16947981,Cyclic-Vomiting-Syndrome-with-Migraine-/-high-altitude-adaptation,Reported
3054,G,A,0,0,,-,+,33504965,Possible-association-with-sepsis,Reported
3090,G,A,2,0,,-,+,17761147,Myopathy,Reported
3093,C,G,0,0,,-,+,11455195,MELAS,Reported
3096,T,C,18,0.03,,-,+,33504965,Possible-association-with-sepsis,Reported
3098,T,C,0,0,,-,+,33504965,Possible-association-with-sepsis,Reported
3111,A,T,6,0.01,,+,-,,Migraine,Reported
3196,G,A,15,0.02,,+,+,8104867,ADPD,Reported
3236,A,G,2,0,,nr,nr,18676632,Sporadic-bilateral-optic-neuropathy-/-hearing-loss,Reported
3242,G,A,0,0,,+,+,15870203,MM-/-HCM+renal-tubular-dysfunction,Reported
3243,A,G,10,0.02,,-,+,"2102678,9168904","MELAS-/-Leigh-Syndrome-/-DMDF-/-MIDD-/-SNHL-/-CPEO-/-MM-/-FSGS-/-ASD-/-Cardiac+multi-organ-dysfunction,MM-/-MELAS-/-SNHL-/-CPEO","Cfrm-[P],Cfrm-[LP]"
3243,A,T,0,0,,-,+,"2102678,9168904","MELAS-/-Leigh-Syndrome-/-DMDF-/-MIDD-/-SNHL-/-CPEO-/-MM-/-FSGS-/-ASD-/-Cardiac+multi-organ-dysfunction,MM-/-MELAS-/-SNHL-/-CPEO","Cfrm-[P],Cfrm-[LP]"
3244,G,A,6,0.01,,-,+,15870203,MELAS,Reported
3249,G,A,0,0,,-,+,11448301,KSS,Reported
3250,T,C,1,0,,-,+,1514779,MM-/-CPEO-/-cardiomyopathy,Reported
3251,A,G,0,0,,-,+,8265770,MM-/-MELAS-with-chorea-ballism,Reported
3252,A,G,0,0,,-,+,"8111377,23463613","MELAS,EXIT","Reported,Reported"
3252,A,T,0,0,,-,+,"8111377,23463613","MELAS,EXIT","Reported,Reported"
3253,T,C,7,0.01,,+,-,27544295,Maternally-inherited-hypertension,Reported
3254,C,A,33,0.05,,-,+,"10704697,9270605,15477393","Gestational-Diabetes-(GDM),MM,CPEO-/-poss.-hypertension-factor","Reported,Reported,Reported"
3254,C,G,0,0,,-,+,"10704697,9270605,15477393","Gestational-Diabetes-(GDM),MM,CPEO-/-poss.-hypertension-factor","Reported,Reported,Reported"
3254,C,T,18,0.03,,+,-,"10704697,9270605,15477393","Gestational-Diabetes-(GDM),MM,CPEO-/-poss.-hypertension-factor","Reported,Reported,Reported"
3255,G,A,0,0,,-,+,12868503,MERRF-/-KSS-overlap,Reported
3256,C,T,0,0,,-,+,8254046,MELAS|-possible-atherosclerosis-risk,Cfrm-[LP]
3258,T,C,1,0,,-,+,11335700,MELAS-/-Myopathy,Cfrm-[LP]
3260,A,G,0,0,,-,+,1677065,MMC-/-MELAS,Cfrm-[LP]
3264,T,C,0,0,,-,+,9203451,DM,Reported
3271,T,C,0,0,,-,+,1932147,MELAS-/-DM-/-MERRF-like,Cfrm-[P]
3272,TT,T,0,0,,-,+,7854527,PEM-/-retinal-dystrophy-in-MELAS,Cfrm-[VUS*]
3273,T,C,0,0,,-,+,11404120,Ocular-myopathy,Reported
3273,TAC,T,0,0,,-,+,36404555,Encephalomyopathy-with-proteinuric-kidney-disease,Reported
3274,A,G,0,0,,-,+,11723298,Neuropsychiatric-syndrome-+-cataract,Reported
3275,C,A,3,0,,+,-,"10612844,28027978","LHON,Metabolic-syndrome-and-polycystic-ovary-syndrome-/-LHON","Reported,Reported"
3275,C,T,3,0,,+,-,"10612844,28027978","LHON,Metabolic-syndrome-and-polycystic-ovary-syndrome-/-LHON","Reported,Reported"
3277,G,A,37,0.06,,+,-,19778529,Poss.-hypertension-factor,Reported
3278,T,C,15,0.02,,+,-,19778529,Poss.-hypertension-factor,Reported
3280,A,G,0,0,,-,+,11335700,Myopathy,Cfrm-[VUS*]
3283,G,A,0,0,,-,+,17363246,Late-onset-ocular-myopathy,Reported
3287,C,A,0,0,,-,+,15670724,Encephalomyopathy,Reported
3288,A,G,0,0,,-,+,10402027,Myopathy,Reported
3290,T,C,130,0.21,,+,-,19778529,Poss.-hypertension-factor,Reported
3291,T,C,0,0,,-,+,7520241,MELAS-/-Myopathy-/-Deafness+Cognitive-Impairment,Cfrm-[LP]
3302,A,G,0,0,,-,+,8366098,MM,Cfrm-[LP]
3303,C,T,0,0,,+,+,7906985,MMC,Cfrm-[LP]
3308,T,C,427,0.7,M1T,-,+,"9299504,12160969","MELAS-/-DEAF-enhancer-/-hypertension-/-LVNC-/-putative-LHON,Sudden-Infant-Death","Reported---possibly-synergistic|-hg-L1b-and-A2i-marker,Reported"
3308,T,G,6,0.01,M1Term,+,+,"9299504,12160969","MELAS-/-DEAF-enhancer-/-hypertension-/-LVNC-/-putative-LHON,Sudden-Infant-Death","Reported---possibly-synergistic|-hg-L1b-and-A2i-marker,Reported"
3310,C,T,13,0.02,P2S,+,+,33420243,Diabetes-/-HCM,Reported
3316,G,A,574,0.94,A4T,+,-,7733935,Diabetes-/-LHON-/-PEO-/-vascular-dementia,Reported|-hg-D1-D2-M33-R30-marker
3335,T,C,61,0.1,I10T,+,-,27177320,LHON,Reported
3336,T,C,221,0.36,I10I,-,+,28951770,Carotid-atherosclerosis-risk,Reported
3337,G,A,99,0.16,V11M,+,-,18502698,Cardiomyopathy,Reported---possibly-synergistic
3340,C,T,3,0,P12S,+,-,15465027,Encephaloneuromyopathy,Reported
3365,T,C,0,0,L20P,-,+,25626417,EXIT,Reported
3376,G,A,0,0,E24K,+,+,15657614,LHON-MELAS-overlap,Cfrm-[VUS*]
3380,G,A,3,0,R25Q,-,+,18590963,MELAS,Reported-[VUS]
3388,C,A,30,0.05,L28M,nr,nr,22241583,Materally-Inherited-Nonsyndromic-Deafness,Reported
3391,G,A,55,0.09,G29S,+,-,27177320,LHON,Reported
3394,T,C,808,1.32,Y30H,+,-,8680405,LHON-/-Diabetes-/-CPTdeficiency-/-high-altitude-adaptation,Reported-[VUS]--population-dependent|-hg-M9-marker
3395,A,G,27,0.04,Y30C,+,+,21144833,LHON-/-HCM-with-hearing-loss,Reported
3396,T,C,459,0.75,Y30Y,+,-,8728705,NSHL-/-MIDD,Reported-/-Unclear
3397,A,G,169,0.28,M31V,+,-,8104867,ADPD-/-possibly-LVNC-cardiomyopathy-associated-/-resistance-to-high-altitude-pulmonary-edema,Reported
3398,T,C,266,0.43,M31T,+,-,7599217,DMDF+HCM-/-GDM-/-possibly-LVNC-cardiomyopathy-associated,Reported
3399,A,T,26,0.04,M31I,+,-,10704697,Gestational-Diabetes-(GDM),Reported
3407,G,A,1,0,R34H,+,-,16266762,HCM-/-Muscle-involvement,Conflicting-reports
3418,A,G,1,0,N38D,+,-,18368068,AMegL,Reported
3421,G,A,81,0.13,V39I,+,-,16949108,MIDD,Reported
3437,G,A,0,0,G44E,-,+,28716227,Mitochondrial-myopathy+-EXIT,Reported
3460,G,A,31,0.05,A52T,+,+,8680405,LHON,Cfrm-[P]
3461,C,T,0,0,A52V,nr,nr,32355048,LHON,Reported
3472,T,C,5,0.01,F56L,+,+,24800637,LHON,Reported
3481,G,A,0,0,E59K,-,+,17535832,MELAS-/-Progressive-Encephalomyopathy,Cfrm-[LP]
3488,T,C,1,0,L61P,+,-,27177320,LHON,Reported
3496,G,T,11,0.02,A64S,+,-,10520236,LHON,Reported-/-Secondary
3497,C,T,210,0.34,A64V,+,-,10520236,LHON,Reported-/-Secondary
3502,T,C,0,0,S66P,nr,nr,32652755,Unspecified-suspected-mitochondrial-disorder,Reported
3548,T,C,35,0.06,I81T,nr,nr,11853713,Possible-LHON-helper-(one-14484-patient),Reported
3551,C,T,0,0,A82V,+,-,27177320,LHON,Reported
3552,T,A,2094,3.42,A82A,+,-,29200319,Resistance-to-high-altitude-pulmonary-edema-(HAPE)-/-matrilineal-hypertension,Reported|-hg-C-marker
3570,CC,C,0,0,frameshift,nr,nr,32652755,Unspecified-suspected-mitochondrial-disorder,Reported
3571,C,T,136,0.22,L89F,nr,nr,29387390,Possible-LHON-helper-mut.,Reported
3632,C,T,0,0,S109F,+,-,27177320,LHON,Reported
3634,A,G,0,0,S110G,+,-,27613247,LHON,Reported
3635,G,A,9,0.01,S110N,+,-,11479733,LHON,Cfrm-[LP]
3644,T,C,232,0.38,V113A,nr,nr,15533721,BD-associated,Reported
3667,T,G,1,0,W121G,+,-,24456990,Peripheral-neuropathy-of-T2-diabetes,Reported
3685,T,C,0,0,Y127H,-,+,35217561,Leigh-Syndrome,Reported
3688,G,A,0,0,A128T,+,-,18977334,Leigh-Syndrome,Reported
3697,G,A,0,0,G131S,+,+,20301353,MELAS-/-Leigh-Syndrome-/-LDYT-/-BSN,Cfrm-[LP]
3700,G,A,3,0,A132T,+,-,12150954,LHON,Cfrm-[VUS*]
3713,T,C,0,0,V136A,+,-,27177320,LHON,Reported
3733,G,A,2,0,E143K,+,+,"15505787,22879922","LHON,LHON","Cfrm-[VUS*],Reported"
3733,G,C,0,0,E143Q,-,+,"15505787,22879922","LHON,LHON","Cfrm-[VUS*],Reported"
3736,G,A,108,0.18,V144I,nr,nr,20643099,LHON,Reported
3745,G,A,121,0.2,A147T,+,+,24002810,LHON-/-high-altitude-variant,Reported-/-Population-dependent
3761,C,A,0,0,S152Term,-,+,32158465,Deafness-w-relapsing/remitting-neurological-symptoms,Reported-[VUS]
3769,C,G,0,0,L155V,+,-,27177320,LHON,Reported
3781,T,C,0,0,S159P,+,-,27177320,LHON,Reported
3796,A,G,290,0.47,T164A,-,+,12756609,Adult-Onset-Dystonia,Reported
3833,T,A,0,0,L176Q,+,-,18246027,PEG,Reported
3861,A,C,0,0,W185C,-,+,27155156,SNHL-+-neurodevelopmental-delay,Reported
3866,T,C,172,0.28,I187T,nr,nr,15896721,LHON-+-limb-claudication,Reported-/-possibly-synergistic
3890,G,A,1,0,R195Q,-,+,23246842,Progressive-Encephalomyopathy-/-Leigh-Syndrome-/-Optic-Atrophy,Cfrm-[LP]
3902,ACCTTGC,GCAAGGT,0,0,DLA-GKV,-,+,10775530,EXIT+myalgia-/-severe-LA+cardiac-/-3-MGA-aciduria-/-nephropathy+deafness+diabetes,Cfrm-[LP]
3919,T,C,0,0,S205P,+,-,27177320,LHON,Reported
3945,C,A,0,0,I213M,nr,nr,28862604,Leigh-like-phenotype,Reported
3946,G,A,1,0,E214K,+,+,29253894,MELAS,Reported-[LP]
3949,T,C,1,0,Y215H,-,+,29253894,MELAS,Reported-[VUS]
3958,G,A,0,0,G218S,+,-,27177320,LHON,Reported
3959,G,A,0,0,G218D,nr,nr,23834081,MELAS,Reported
3995,A,G,19,0.03,N230S,nr,nr,23834081,MELAS,Reported
4081,T,C,1,0,F259L,+,-,27177320,LHON,Reported
4115,T,C,0,0,F270S,nr,nr,11853713,Possible-LHON-helper-(one-11778-patient),Reported
4123,A,T,0,0,I273F,+,-,27177320,LHON,Reported
4132,G,A,9,0.01,A276T,+,-,17454741,NAION-associated,Reported-[VUS]
4135,T,C,26,0.04,Y277H,-,+,,LHON,Reported
4136,A,G,71,0.12,Y277C,+,-,2018041,LHON,Reported---possibly-synergistic
4142,G,A,0,0,R279Q,-,+,23463613,"Developmental-delay+-seizure+-hypotonia,Leigh-Syndrome","Reported,Reported"
4142,G,T,0,0,R279L,-,+,23463613,"Developmental-delay+-seizure+-hypotonia,Leigh-Syndrome","Reported,Reported"
4160,T,C,1,0,L285P,+,-,2018041,LHON-/-LHON-plus,Reported---possibly-synergistic
4163,T,C,1,0,M286T,+,-,27177320,LHON,Reported
4171,C,A,2,0,L289M,+,+,12112111,LHON-/-Leigh-like-phenotype,Cfrm-[VUS*]
4175,G,A,0,0,W290Term,-,+,25626417,EXIT,Reported
4216,T,C,6392,10.45,Y304H,+,-,8680405,LHON-/-Insulin-Resistance-/possible-adaptive-high-altitude-variant-/-miscarriage,Conflicting-reports
4263,A,G,4,0.01,,+,-,19778529,Maternally-inherited-essential-hypertension,Reported
4267,A,G,0,0,,-,+,12207935,MM-/-CPEO,Reported
4269,A,G,1,0,,-,+,1632786,FICP,Reported
4274,T,C,0,0,,-,+,9339712,CPEO-/-Motor-Neuron-Disease,Reported
4277,T,C,20,0.03,,+,-,19778529,HCM-/-Poss.-hypertension-factor,Reported
4279,A,G,0,0,,-,+,23601850,Myoclonic-epilepsy,Reported
4281,A,G,1,0,,-,+,21324494,Recurrent-Myoglobinuria,Reported
4282,G,A,0,0,,-,+,25034047,CPEO-Plus,Reported
4284,G,A,2,0,,-,+,11782991,Varied-familial-presentation-/-spastic-paraparesis,Reported
4285,T,C,0,0,,-,+,8607814,CPEO,Reported
4289,T,C,0,0,,-,+,23696415,Retinopathy+diabetes+dysphagia+cerebral-atrophy,Reported
4290,T,C,0,0,,+,+,15477393,Progressive-Encephalopathy-/-PEO+myopathy,Reported
4291,T,C,0,0,,+,-,15498972,Hypomagnesemic-Metabolic-Syndrome-/-Gitelman-like-syndrome,Reported
4295,A,G,112,0.18,,+,+,8889580,MHCM-/-Maternally-inherited-hypertension-/-Maternally-inherited-deafness,Reported
4296,G,A,0,0,,-,+,21982779,Leigh-Syndrome,Reported
4298,G,A,0,0,,-,+,9473477,CPEO-/-MS,Cfrm-[VUS*]
4300,A,G,0,0,,+,+,7646516,MICM,Cfrm-[LP]
4301,A,T,1,0,,nr,nr,32504279,Patient-with-MELAS,Reported
4302,A,G,0,0,,-,+,20149659,CPEO,Reported
4308,G,A,0,0,,-,+,21292040,CPEO,Cfrm-[VUS*]
4309,G,A,1,0,,-,+,9808249,CPEO,Reported
4314,T,C,48,0.08,,+,-,19778529,Poss.-hypertension-factor,Reported
4316,A,G,31,0.05,,+,+,21144833,HCM-with-hearing-loss-/-poss.-hypertension-factor,Reported
4316,AA,A,16,0.03,,nr,nr,23847141,Ptosis+-deafness+-stroke-like-episodes,Reported
4317,A,G,48,0.08,,+,-,1978914,FICP-/-poss.-Hypertension-/-DEAF-factor,Reported
4320,C,T,10,0.02,,-,+,7488201,Mitochondrial-Encephalocardiomyopathy,Reported
4321,CC,C,0,0,,+,-,29481798,mtDNA-deletion-and-depletion-with-dilated-cardiomyopathy,Reported
4322,C,CC,3,0,,-,+,18043288,Idiopathic-Dilated-Cardiomopathy,Reported
4327,T,C,0,0,,-,+,31965079,Ataxia++-with-RRF-and-COX-deficiency,Reported
4332,G,A,0,0,,-,+,11171912,Encephalopathy-/-MELAS,Cfrm-[VUS*]
4336,T,C,530,0.87,,+,+,8004796,ADPD-/-Hearing-Loss-&-Migraine-/-autism-spectrum-/-intellectual-disability,Unclear
4343,A,G,56,0.09,,+,-,19778529,Poss.-hypertension-factor,Reported
4345,C,T,5,0.01,,+,-,19778529,Poss.-hypertension-factor,Reported
4353,T,C,37,0.06,,+,-,19778529,Poss.-hypertension-factor,Reported
4363,T,C,55,0.09,,+,-,12406974,Metabolic-syndrome-and-polycystic-ovary-syndrome-/-possibly-associated-w-DEAF-+-RP-+-dev-delay-/-hypertension-/-LHON,Reported
4369,A,AA,0,0,,-,+,10996779,Myopathy,Reported
4372,C,T,0,0,,-,+,23463613,Suspected-mito-disease,Reported
4373,T,C,11,0.02,,+,-,20211276,Tic-disorder-/-possibly-LVNC-associated,Reported
4375,C,T,9,0.01,,nr,nr,29200319,Matrilineal-hypertension-risk-factor,Reported
4381,A,G,4,0.01,,+,-,17003408,LHON,Reported
4386,T,C,189,0.31,,+,-,16337222,Heart-disease-/-myopathy-/-hypertension,Conflicting-reports
4387,C,A,2,0,,+,-,19778529,Poss.-hypertension-factor,Reported
4388,A,G,67,0.11,,+,-,19778529,Poss.-hypertension-factor|-intellectual-disability,Reported
4392,C,T,18,0.03,,+,-,19778529,Poss.-hypertension-factor,Reported
4395,A,G,27,0.04,,+,-,19778529,Poss.-hypertension-factor,Reported
4401,A,G,9,0.01,,+,-,19546379,Hypertension+Ventricular-Hypertrophy,Reported
4403,G,A,0,0,,-,+,24711008,Mitochondrial-myopathy,Reported
4409,T,C,0,0,,-,+,9633749,Mitochondrial-myopathy,Reported
4410,C,A,0,0,,+,-,19778529,Poss.-hypertension-factor,Reported
4412,G,A,0,0,,-,+,31022467,Seizures-with-myopathy-&-retinopathy,Reported
4414,T,C,0,0,,-,+,31488384,Progressive-external-ophthalmoplegia-and-myopathy,Reported
4415,A,G,0,0,,-,+,19460300,EXIT-&-APS2,Reported
4435,A,G,61,0.1,,+,-,16060290,LHON-/-LHON-modulator-/-hypertension|-autism-spectrum|-intellectual-disability-/-hearing-loss,Reported
4437,C,T,1,0,,+,-,23463613,Hypotonia+-seizure+-muscle-weakness+-lactic-acidosis+-hearing-loss,Reported
4440,G,A,0,0,,-,+,29472063,Mitochondrial-myopathy,Reported
4450,G,A,0,0,,-,+,9384601,Myopathy-/-MELAS-/-Leigh-Syndrome-/-EXIT,Cfrm-[LP]
4452,T,C,121,0.2,,nr,nr,33289513,Reported-in-tic-disorder-patient,Reported
4454,T,C,225,0.37,,+,-,12406974,Possible-contributor-to-mito-dysfunction-/-hypertension,Reported
4456,C,T,8,0.01,,-,+,19778529,Poss.-hypertension-factor,Reported
4467,C,A,0,0,,-,+,28596595,Maternally-inherited-hypertension,Reported
4491,G,A,969,1.58,V8I,+,-,31358833,High-altitude-pulmonary-edema-susceptibility,Reported
4516,G,A,0,0,G16D,+,-,31743754,Possible-LHON-modulator,Reported
4580,G,A,1052,1.72,M37M,nr,nr,37793469,Protective-factor-for-stroke-risk-(hg-V),Reported
4610,AA,A,0,0,M-Term,nr,nr,32652755,Unspecified-suspected-mitochondrial-disorder,Reported
4633,C,G,0,0,A55G,+,-,2567271,LHON-candidate,Reported
4640,C,A,241,0.39,I57M,+,-,11479733,LHON-/-Epilepsy,Reported
4648,T,C,1,0,F60S,+,-,18246027,PEG,Reported
4659,G,A,101,0.17,A64T,+,-,1463007,possible-PD-risk-factor-/-LHON,Reported
4681,T,C,1,0,L71P,-,+,29253894,Leigh-Syndrome,Reported-[VUS]
4810,G,A,0,0,W114Term,-,+,15781840,EXIT-with-myalgia-&-ophthalmoplegia,Cfrm-[LP]
4831,G,A,1,0,G121D,-,+,37038312,Isolated-myopathy,Reported
4833,A,G,601,0.98,T122A,+,-,11095989,Diabetes-helper-mutation-AD+-PD,Reported
4852,T,A,0,0,L128Q,+,-,20454697,LHON,Reported
4883,C,T,2774,4.54,P138P,+,-,27217714,Glaucoma,Conflicting-reports
4917,A,G,3100,5.07,N150D,+,-,8680405,LHON-/-Insulin-Resistance-/-AMD-/-NRTI-PN,Reported
4924,G,T,0,0,S152I,nr,nr,11853713,Possible-LHON-helper-(one-11778-patient),Reported
4935,A,G,0,0,T156A,-,+,23463613,Lipomatosis+EXIT,Reported
4944,A,G,10,0.02,I159V,+,-,31358833,High-altitude-pulmonary-edema-susceptibility,Reported
4959,G,A,67,0.11,A164T,nr,nr,11853713,Possible-LHON-helper-(one-11778-patient),Reported
5001,A,AA,0,0,frameshift,-,+,23463613,Developmental-delay+-seizure+-cardiomyopathy+-lactic-acidosis,Reported-[VUS]
5095,T,C,18,0.03,I209T,nr,nr,28187756,Proximal-muscle-weakness-and-atrophy,Reported
5132,AAA,A,0,0,frameshift,nr,nr,12192017,Exercise-intolerance-(EXIT),Reported-[VUS]
5153,A,G,356,0.58,L228L,nr,nr,28696810,Recurrent-pregnancy-loss,Reported
5178,C,A,2751,4.5,L237M,+,+,12391595,Longevity-/-Extraversion-/-diabetes-/-AMS-protection-/-blood-iron-metabolism-/-correlation-with-myocardial-infarction-/-atherosclerosis,Reported
5244,G,A,0,0,G259S,-,+,8680405,LHON,Reported-[VUS]
5366,CACCTCAATCACACTACTCC,C,0,0,frameshift,nr,nr,32652755,Unspecified-suspected-mitochondrial-disorder,Reported
5452,C,T,21,0.03,T328M,+,-,15286228,Progressive-Encephalomyopathy,Reported
5460,G,A,4099,6.7,A331T,+,+,"1370613,1370613","AD-/-PD-/-LHON,AD","Conflicting-reports,Reported"
5460,G,T,0,0,A331S,+,+,"1370613,1370613","AD-/-PD-/-LHON,AD","Conflicting-reports,Reported"
5512,A,G,5,0.01,,+,-,27687549,Maternally-inherited-hypertension,Reported
5513,G,A,1,0,,-,+,29625105,Mitochondrial-encephalomyopathy-with-RP,Reported
5514,A,G,47,0.08,,+,-,22638997,Neonatal-onset-mito-disease,Reported
5521,G,A,0,0,,-,+,9673981,Mitochondrial-myopathy,Cfrm-[LP]
5522,G,A,0,0,,-,+,23232693,Mitochondrial-myopathy,Reported
5523,T,G,0,0,,-,+,19349200,Leigh-Syndrome,Reported
5532,G,A,1,0,,-,+,15054399,Gastrointestinal-Syndrome,Reported
5537,A,AT,0,0,,-,+,9266739,Leigh-Syndrome,Cfrm-[LP]
5538,G,A,0,0,,-,+,20708751,Encephalomyopathy,Reported-[VUS]
5540,G,A,0,0,,-,+,10762520,Encephalomyopathy-/-DEAF,Reported
5541,C,T,0,0,,-,+,23696415,MELAS+stroke-like-episodes-and-cortical-blindness+MRI-shows-occipital-lobe-infarct,Reported
5543,T,C,0,0,,-,+,11506394,Mitochondrial-myopathy,Reported
5545,C,T,0,0,,-,+,18337306,HCM-severe-multisystem-disorder,Reported
5549,G,A,0,0,,-,+,7695240,DEMCHO-/-mitochondrial-encephalomyopathy,Reported
5556,G,A,0,0,,-,+,"19809478,19744136","Combined-OXPHOS-defects,Mito-encephalomyopathy","Reported,Reported"
5556,G,C,0,0,,-,+,"19809478,19744136","Combined-OXPHOS-defects,Mito-encephalomyopathy","Reported,Reported"
5558,A,G,119,0.19,,nr,nr,22567359,Reported-in-tic-disorder-patient-/-NSSNHL,Reported-[VUS]
5559,A,G,0,0,,-,+,19349200,Leigh-Syndrome,Reported
5567,T,C,59,0.1,,-,+,18977334,Myopathy,Reported
5568,A,G,15,0.02,,+,-,15292920,DEAF,Reported
5587,T,C,37,0.06,,+,+,9344764,LHON-/-possible-DEAF-modifier-/-MIDD-/-dilated-cardiomyopathy-/-hypertension-/-tic-disorder,Reported
5591,G,A,0,0,,-,+,16476954,Myopathy,Reported
5592,A,G,30,0.05,,+,-,16947981,Coronary-Heart-Disease,Reported
5595,G,A,1,0,,nr,nr,33289513,Reported-in-tic-disorder-patient,Reported
5601,C,T,599,0.98,,+,-,25968158,Possible-helper-mutation-in-maternally-inherited-hypertension-and-in-LHON,Reported
5610,G,A,0,0,,-,+,25873012,Myopathy,Reported
5613,T,C,0,0,,-,+,27014581,CPEO,Reported
5618,T,C,18,0.03,,nr,nr,17085680,Hearing-loss-patient,Reported
5628,T,C,129,0.21,,-,+,11404121,CPEO-/-DEAF-enhancer-/-gout-/-tic-disorder,Reported
5631,G,A,1,0,,-,+,25873012,Myopathy,Reported
5636,T,C,0,0,,-,+,20813205,PEO,Reported
5641,T,C,9,0.01,,nr,nr,32169613,Hearing-loss-patient,Reported
5650,G,A,1,0,,-,+,11715067,Myopathy,Cfrm-[LP]
5652,C,G,0,0,,+,-,9344764,Dilated-Cardiomyopathy,Reported
5655,T,C,381,0.62,,+,-,10371545,DEAF-enhancer-/-Hypertension-risk,Reported
5658,T,C,0,0,,-,+,23375258,Mitochondrial-myopathy,Reported
5667,G,A,0,0,,nr,nr,23847141,Ptosis,Reported
5669,G,A,0,0,,-,+,32869280,Sporadic-CPEO,Reported
5672,T,C,0,0,,-,+,31965079,EXIT+myalgia+CPEO-with-RRF,Reported
5690,A,G,0,0,,-,+,23696415,CPEO+ptosis+proximal-myopathy,Cfrm-[LP]
5692,T,C,1,0,,-,+,8129854,CPEO-/-MM,Reported
5693,T,C,0,0,,+,-,15752774,Encephalomyopathy,Reported
5698,G,A,1,0,,-,+,11335700,CPEO-/-MM,Reported
5701,AA,A,0,0,,-,+,32869280,Sporadic-CPEO,Reported
5703,G,A,1,0,,-,+,8254046,CPEO-/-MM,Cfrm-[P]
5709,T,C,0,0,,-,+,22189266,Ophthalmoparesis+respiratory-impairment,Reported
5715,A,G,13,0.02,,nr,nr,32169613,Hearing-loss-patient,Reported
5728,T,C,1,0,,-,+,16908752,Multiorgan-failure-/-myopathy,Cfrm-[LP]
5774,T,C,66,0.11,,nr,nr,33289513,Reported-in-tic-disorder-patient,Reported
5780,G,A,23,0.04,,-,+,12802679,SNHL,Reported
5783,G,A,45,0.07,,-,+,16955414,Myopathy-/-deafness-/-gout-/-tic-disorder,Reported
5789,T,C,0,0,,-,+,35252560,Late-onset-NARP,Reported
5794,T,C,8,0.01,,nr,nr,15338331,Hearing-loss/-tic-disorder,Reported
5802,T,C,3,0,,+,-,18386806,DEAF1555-increased-penetrance-/-obesity-risk,Reported
5809,G,A,1,0,,nr,nr,31965079,Hearing-loss-patient,Reported
5814,T,C,222,0.36,,-,+,8829635,Encephalopathy-/-gout,Reported-[LB]
5816,A,G,0,0,,+,-,17724295,Progressive-Dystonia,Reported
5819,T,C,0,0,,nr,nr,33289513,Reported-in-tic-disorder-patient,Reported
5820,C,A,0,0,,+,-,34433719,MERRF,Reported
5821,G,A,359,0.59,,+,-,16364244,DEAF-helper-mut.,Reported
5822,G,A,7,0.01,,nr,nr,31965079,Hearing-loss-patient,Reported
5835,G,A,1,0,,nr,nr,32504279,Patient-with-proximal-myopathy,Reported
5843,A,G,451,0.74,,+,-,14598342,FSGS-/-Mitochondrial-Cytopathy,Reported
5874,T,C,0,0,,-,+,11071502,EXIT,Reported
5877,C,T,0,0,,-,+,11594340,CPEO,Reported
5889,A,G,0,0,,-,+,31965079,Multisystem-mitochondrial-disorder,Reported
5911,C,T,262,0.43,A3V,+,-,15647368,Prostate-Cancer,Reported
5913,G,A,543,0.89,D4N,+,-,15647368,Prostate-Cancer-/-hypertension,Reported
5920,G,A,0,0,W6Term,-,+,10980727,Myoglobinuria-/-EXIT,Reported
5935,A,G,1,0,N11S,+,-,15647368,Prostate-Cancer,Reported
5973,G,A,14,0.02,A24T,+,-,15647368,Prostate-Cancer,Reported
6019,CCGAGC,C,0,0,AELGQ-AGPATerm,-,+,9450776,Motor-Neuron-Disease,Reported
6020,C,A,0,0,A39A,-,+,33504965,Possible-association-with-sepsis,Reported
6081,G,A,1,0,A60T,+,-,15647368,Prostate-Cancer,Reported
6145,G,A,0,0,W81Term,nr,nr,32652755,Unspecified-suspected-mitochondrial-disorder,Reported
6150,G,A,253,0.41,V83I,+,-,15647368,Prostate-Cancer-/-enriched-in-POAG-cohort,Reported
6253,T,C,597,0.98,M117T,+,-,16892079,Prostate-Cancer-/-enriched-in-POAG-cohort,Reported
6261,G,A,497,0.81,A120T,+,-,16892079,Prostate-Cancer-/-LHON,Reported
6267,G,A,93,0.15,A122T,+,-,15647368,Prostate-Cancer,Reported
6285,G,A,130,0.21,V128I,+,-,15647368,Prostate-Cancer,Reported
6307,A,G,2,0,N135S,.,+,23712756,Asthenozoospermic-infertility,Reported
6328,C,T,0,0,S142F,+,-,16284789,EXIT-(Exercise-Intolerance),Reported
6340,C,T,99,0.16,T146I,+,-,16892079,Prostate-Cancer,Reported
6367,T,C,23,0.04,V155A,-,+,33504965,Possible-association-with-sepsis,Reported
6459,T,C,0,0,W186R,+,-,30207067,Sepsis-susceptibility,Reported
6474,A,G,0,0,T191A,+,-,30831263,Maternally-inherited-childhood-epilepsy-and-ataxia,Reported
6480,G,A,156,0.26,V193I,+,-,19022198,Prostate-Cancer-/-enriched-in-POAG-cohort,Reported
6489,C,A,93,0.15,L196I,-,+,12140182,CO1-deficiency-with-epilepsia-partialis-continua,Reported
6526,T,C,0,0,M208T,nr,nr,32652755,Developmental-delay+-hypotonia+-myopathy+-failure-to-thrive,Reported
6544,A,C,0,0,N214T,-,+,33504965,Possible-association-with-sepsis,Reported
6547,T,C,4,0.01,L215P,-,+,2025303,Leigh-Syndrome,Reported
6579,G,A,0,0,G226Term,-,+,30743023,Leigh-Syndrome,Reported
6597,C,A,0,0,Q232K,-,+,22832341,MELAS-like-syndrome,Reported
6649,C,T,0,0,P249L,-,+,33504965,Possible-association-with-sepsis,Reported
6663,A,G,198,0.32,I254V,+,-,16892079,Prostate-Cancer,Reported
6697,AA,A,0,0,K-K_frameshift,-,+,18977334,Myopathy,Reported
6708,G,A,0,0,G269Term,-,+,15751226,MM-&-Rhabdomyolysis,Reported
6721,T,C,0,0,M273T,-,+,9389715,Acquired-Idiopathic-Sideroblastic-Anemia,Reported
6742,T,C,0,0,I280T,-,+,9389715,Acquired-Idiopathic-Sideroblastic-Anemia,Reported
6860,A,C,0,0,K319N,+,-,9344764,Dilated-Cardiomyopathy,Reported
6930,G,A,0,0,G343Term,-,+,10441567,Multisystem-Disorder,Reported
6955,G,A,1,0,G351D,+,+,18484665,Mild-EXIT-and-MR,Reported
6962,G,A,1453,2.38,L353L,+,-,24470521,Possible-helper-variant-for-15927A,Reported
7023,G,A,1,0,V374M,-,+,19568996,MELAS-like-syndrome,Reported
7041,G,A,6,0.01,V380I,+,-,15647368,Prostate-Cancer,Reported
7065,G,A,0,0,A388T,-,+,33504965,Possible-association-with-sepsis,Reported
7080,T,C,67,0.11,F393L,+,-,15647368,Prostate-Cancer,Reported
7083,A,G,16,0.03,I394V,+,-,15647368,Prostate-Cancer,Reported
7158,A,G,45,0.07,I419V,+,-,15647368,Prostate-Cancer,Reported
7222,A,G,0,0,Y440C,nr,nr,32652755,Unspecified-suspected-mitochondrial-disorder,Reported
7299,A,G,87,0.14,M466V,+,-,32358433,LHON,Reported
7305,A,C,0,0,M468L,+,-,15647368,Prostate-Cancer,Reported
7379,G,A,23,0.04,L492L,-,+,33504965,Possible-association-with-sepsis,Reported
7401,CC,C,0,0,frameshift,-,+,24667782,Isolated-complex-IV-deficiency,Reported
7443,A,G,1,0,Term514G,+,-,10577941,DEAF,Reported
7444,G,A,207,0.34,Term514K,+,-,8680405,LHON-/-SNHL-/-DEAF-modulator,Reported-[LB]
7445,A,C,17,0.03,Term514S,+,-,"29253894,8019558,18639500","DEAF,SNHL,SNHL","Reported,Cfrm-[P],Reported"
7445,A,G,1,0,.,+,+,"29253894,8019558,18639500","DEAF,SNHL,SNHL","Reported,Cfrm-[P],Reported"
7445,A,T,3,0,.,+,-,"29253894,8019558,18639500","DEAF,SNHL,SNHL","Reported,Cfrm-[P],Reported"
7451,A,T,0,0,,-,+,23696415,CPEO+ptosis,Reported
7453,G,A,0,0,,+,-,22453297,Fatal-neonatal-lactic-acidosis-/-Neonatal-lactic-acidosis+-exercise-intolerance+-mild-ID,Reported
7456,A,G,15,0.02,,+,-,15292920,DEAF,Unclear
7458,G,A,0,0,,-,+,20186009,PEO,Reported
7462,C,T,6,0.01,,+,-,20722495,DEAF,Reported
7470,CC,C,29,0.05,,nr,nr,25968158,Maternally-inherited-hypertension-/-deafness,Reported-[VUS](=7466d)
7471,C,CC,7,0.01,,+,+,7581383,PEM-/-AMDF-/-Motor-neuron-disease-like,Cfrm-[P]
7472,A,C,10,0.02,,+,+,15833431,"MM-/-DMDF-modulator,PEM-/-AMDF-/-Motor-neuron-disease-like","Reported,See-7471insC"
7472,A,CA,0,0,,+,+,15833431,"MM-/-DMDF-modulator,PEM-/-AMDF-/-Motor-neuron-disease-like","Reported,See-7471insC"
7473,AA,A,4,0.01,,nr,nr,19073569,Hearing-loss-and-epilepsy,Reported-(=7474d)
7474,A,G,5,0.01,,nr,nr,32169613,Hearing-loss-patient,Reported
7480,T,G,0,0,,-,+,15210164,MM,Reported
7484,A,G,0,0,,+,-,,MERRF,Reported
7486,G,A,0,0,,-,+,29398297,CPEO,Reported
7492,C,T,10,0.02,,+,-,26782414,Hypertension-/-hearing-loss-risk-factor,Reported
7496,T,C,3,0,,nr,nr,25968158,Hearing-Loss,Reported
7497,G,A,1,0,,+,+,9778262,MM-/-EXIT,Cfrm-[LP]
7501,T,A,1,0,,nr,nr,25088491,Cardiovascular-disease|-renal-disease-patient,Reported
7502,C,T,4,0.01,,nr,nr,33289513,Reported-in-tic-disorder-patient,Reported-[VUS]
7505,T,C,0,0,,+,-,20153673,Maternally-inherited-hearing-loss,Reported
7506,G,A,0,0,,-,+,17614276,PEO-with-hearing-loss,Reported
7510,T,C,1,0,,-,+,10978361,SNHL,Cfrm-[LP]
7511,T,C,2,0,,+,+,15670746,SNHL/Deafness,Cfrm-[LP]
7512,T,C,0,0,,+,+,7669057,PEM-/-MERME-/-MELAS,Reported
7518,AA,A,5,0.01,,nr,nr,33045734,Deafness-associated,Reported
7520,G,A,1,0,,nr,nr,18676632,Sporadic-bilateral-optic-neuropathy,Reported
7526,A,G,0,0,,-,+,16059939,Mitochondrial-myopathy,Reported
7539,C,T,0,0,,-,+,25447692,Multisystemic-mitochondrial-disorder,Reported
7543,A,G,53,0.09,,-,+,10488907,MEPR,Reported
7551,A,G,2,0,,+,-,27536005,DEAF-increased-penetrance-(1555G-helper),Reported
7554,G,A,1,0,,-,+,23696415,Myopathy+ataxia+nystagmus+migraines+lactic-acidosis,Reported
7566,G,A,0,0,,nr,nr,31965079,Unspecified-patient-from-clinical-lab,Reported
7587,T,C,0,0,M1T,-,+,10205264,Mitochondrial-Encephalomyopathy,Reported
7598,G,A,639,1.04,A5T,-,+,16418878,Possible-LHON-helper-variant,Reported
7623,C,T,0,0,T13I,+,-,17003408,LHON,Reported
7629,CT,C,0,0,frameshift,-,+,18245391,MELAS,Reported
7637,G,A,2,0,E18K,-,+,19076426,PD-risk-factor,Reported-[VUS]
7671,T,A,0,0,M29K,-,+,10486321,MM,Reported
7695,T,C,0,0,L37P,-,+,30831263,Cerebellar-and-pyramidal-syndrome-with-cognitive-impairment,Reported
7697,G,A,311,0.51,V38I,+,-,19473338,Possible-HCM-susceptibility+-high-altitude-adaptation,Reported
7706,G,A,11,0.02,A41T,+,+,12612282,Alpers-Huttenlocher-like,Reported
7749,T,C,2,0,I55T,-,+,33504965,Possible-association-with-sepsis,Reported
7859,G,A,171,0.28,D92N,+,-,15286228,Progressive-Encephalomyopathy,Reported
7868,C,T,15,0.02,L95F,+,-,19497304,LHON,Reported---possibly-synergistic
7877,A,C,0,0,K98Q,+,-,18246027,PEG-glaucoma,Reported
7887,G,A,0,0,G101D,-,+,34325999,Cerebellar-ataxia-+-neuropathy-+-exercise-intolerance,Reported
7896,G,A,0,0,W104Term,-,+,11558799,Multisystem-Disorder,Reported
7943,T,C,0,0,S120P,-,+,33504965,Possible-association-with-sepsis,Reported
7965,T,C,1,0,F127S,.,+,30461153,Hepatic-failure-/-COX-deficiency,Reported
7970,G,T,0,0,E129Term,-,+,16288875,Encephalopathy,Reported
7989,T,C,0,0,L135P,-,+,17886296,Rhabdomyolysis,Reported
8010,T,C,2,0,V142A,-,+,23463613,Developmental-delay+-ataxia+-seizure+-hypotonia+-lactic-acidosis,Reported
8021,A,G,4,0.01,I146V,+,-,24931671,Asthenozoospermia,Reported
8041,AAT,A,0,0,frameshift,-,+,11471180,Lactic-Acidosis,Reported
8078,G,A,28,0.05,V165I,+,-,17637808,DEAF,Reported
8087,TT,T,0,0,frameshift,-,+,30315213,Mitochondrial-myopathy-with-complex-IV-deficiency,Reported
8108,A,G,74,0.12,I175V,+,-,15637703,SNHL,Reported
8118,GT,G,0,0,frameshift,-,+,29343773,Biliary-atresia,Reported
8155,GG,G,0,0,frameshift,-,+,28521807,Multi-system-mitochondrial-disorder,Reported
8231,C,A,0,0,L216M,-,+,32096057,Coronary-artery-disease-risk-factor,Reported
8241,T,G,0,0,F219C,-,+,28890306,MIDD+retinopathy,Conflicting-reports
8249,G,A,1,0,G222Term,+,-,2624428,Mitochondrial-myopathy,Reported
8296,A,G,39,0.06,,+,+,9571188,DMDF-/-MERRF-/-HCM-/-epilepsy-/-hearing-loss,Reported
8299,G,A,0,0,,-,+,22326363,PEO-+-respiratory-impairment,Reported
8302,A,T,0,0,,+,-,11335700,Encephalopathy,Unclear
8304,G,A,0,0,,-,+,23696415,Epilepsy+ataxia+visual-disturbance+deafness,Reported
8305,C,T,0,0,,-,+,29472063,Mitochondrial-myopathy,Reported
8306,T,C,0,0,,-,+,22925535,Severe-adult-onset-multisymptom-myopathy-/-Myoclonic-epilepsy,Cfrm-[VUS*]
8311,T,C,68,0.11,,+,-,19778529,Poss.-hypertension-factor,Reported
8313,G,A,1,0,,-,+,9380435,MNGIE-like-/-Progressive-mito-cytopathy,Cfrm-[LP]
8315,A,C,0,0,,-,+,35886028,MERRF,Reported
8316,T,C,0,0,,-,+,10996780,MELAS,Reported
8319,A,G,0,0,,-,+,23463613,Kearns-Sayre-syndrome,Reported
8326,A,G,0,0,,-,+,12406974,Mitochondrial-Cytopathy,Reported
8328,G,A,0,0,,-,+,10090475,Mito-Encephalopathy-/-EXIT-with-myopathy-and-ptosis,Reported
8332,A,G,0,0,,+,-,19930207,Dystonia-and-stroke-like-episodes,Reported
8337,T,C,175,0.29,,+,-,19778529,Poss.-hypertension-factor,Reported
8339,A,G,1,0,,nr,nr,32169613,Hearing-loss-patient,Reported
8340,G,A,0,0,,-,+,19941338,Myopathy+-Exercise-Intolerance+-CPEO-like-/childhood-epilepsy-with-SNHL-&-eye-disease,Cfrm-[LP]
8342,G,A,0,0,,-,+,10220860,PEO-and-Myoclonus,Reported-[VUS]
8343,A,G,62,0.1,,+,-,19076426,Metabolic-syndrome-and-polycystic-ovary-syndrome-/-possible-PD-risk-factor-/-deafness,Reported
8344,A,G,4,0.01,,-,+,3180221,MERRF|-Other---LD-/-depressive-mood-disorder-/-leukoencephalopathy-/-HiCM-/-lipomas,Cfrm-[P]
8345,CC,C,7,0.01,,nr,nr,32105570,Rett-Syndrome,Reported
8347,A,G,19,0.03,,+,-,19778529,Poss.-hypertension-factor,Reported
8348,A,G,127,0.21,,+,+,11446509,Cardiomyopathy-/-SNHL-/-poss.-hypertension-factor,Reported
8355,T,C,0,0,,-,+,11335700,Myopathy,Reported
8356,T,C,0,0,,-,+,1361099,MERRF,Cfrm-[LP]
8357,T,C,1,0,,-,+,31912494,Multiple-symmetric-lipomatosis,Reported
8361,G,A,0,0,,-,+,14681892,MERRF,Reported
8362,T,G,0,0,,-,+,11335700,Myopathy,Reported
8363,G,A,0,0,,-,+,8651277,MICM+DEAF-/-MERRF-/-Autism-/-Leigh-Syndrome-/-Ataxia,Cfrm-[LP]
8381,A,G,15,0.02,T6A,+,-,11062027,MIDD-/-LVNC-cardiomyopathy-assoc.,Reported
8382,C,T,9,0.01,T6I,nr,nr,32858252,Suspected-mito-disease,Reported
8393,C,T,312,0.51,P10S,-,+,17101920,Reversible-brain-pseudoatrophy,Reported
8403,T,C,4,0.01,I13T,+,-,24153443,Episodic-weakness-and-progressive-neuropathy,Reported
8411,A,G,2,0,M16V,+,-,20207608,Severe-mitochondrial-disorder,Reported
8412,T,C,20,0.03,M16T,+,-,31817256,Possible-LHON-helper-mutation,Reported
8414,C,T,2307,3.77,L17F,+,-,33420243,Increased-risk-of-T2DM-and-high-altitude-polycythemia-(HAPC)-in-haplogroup-D4-/-Longevity,Reported
8418,T,C,1,0,L18P,+,-,28027978,Mitochondrial-Respiratory-Chain-Disorder,Reported
8424,T,C,0,0,L20P,nr,nr,32858252,Suspected-mito-disease,Reported
8481,C,T,10,0.02,P39L,+,-,23735083,Tetralogy-of-Fallot-patient,Reported
8490,T,C,25,0.04,M42T,+,-,18682780,Peripheral-neuropathy-of-T2DM,Reported
8519,G,A,161,0.26,E52K,+,-,25941154,Possible-susceptibility-to-bullous-pemphigoid,Reported
8527,A,G,245,0.4,ATP8:K54K_ATP6:M1M,+,-,26993169,Neuromuscular-disorder+-possible-helper-mutation,Reported
8528,T,C,0,0,ATP8:W55R_ATP6:M1T,+,+,19188198,Infantile-cardiomyopathy-/-hyperammonemia,Cfrm-[LP]
8529,G,A,0,0,ATP8:W55Term_ATP6:M1M,+,-,17954552,Apical-HCM,Reported
8551,T,C,18,0.03,ATP8:H62H_ATP6:F9L,+,-,31817256,Possible-LHON-helper-mutation,Reported
8558,C,T,15,0.02,ATP8:P65S_ATP6:A11V,+,-,20211276,Possibly-LVNC-cardiomyopathy-associated,Reported
8561,C,G,0,0,ATP8:P66A_ATP6:P12R,+,+,"27502083,31788426","Ataxia-w-neuropathy+-DM+-SNHL+-and-hypogonadism,Ataxia-w-psychomotor-delay","Reported,Reported"
8561,C,T,0,0,ATP8:P66S_ATP6:P12L,-,+,"27502083,31788426","Ataxia-w-neuropathy+-DM+-SNHL+-and-hypogonadism,Ataxia-w-psychomotor-delay","Reported,Reported"
8572,G,A,214,0.35,ATP8:Term69Term_ATP6:G16S,+,-,34037856,Spinocerebellar-ataxia,Reported
8573,G,A,64,0.1,G16D,+,-,30763462,Patient-with-suspected-mitochondrial-disease,Reported-by-paper-as-Benign
8578,C,T,30,0.05,P18S,+,-,34037856,Spinocerebellar-ataxia,Reported
8597,T,C,17,0.03,I24T,-,+,30763462,Leigh-Syndrome,Reported
8606,C,T,0,0,P27L,-,+,33504965,Possible-association-with-sepsis,Reported
8608,C,T,1,0,P28S,+,-,30763462,Patient-with-suspected-mitochondrial-disease,Reported
8611,C,CC,0,0,frameshift,-,+,23847141,Ataxia+-microcephaly+-developmental-delay+-intellectual-disability,Reported
8612,T,C,0,0,L29P,+,-,30763462,Patient-with-suspected-mitochondrial-disease,Reported
8618,T,TT,0,0,frameshift,-,+,19124644,NARP/cognitive-decline+abnormal-brain-MRI+impaired-kidney-function,Reported
8639,T,C,26,0.04,I38T,+,-,23463613,Possible-LHON-modulator,Reported
8668,T,C,36,0.06,W48R,+,-,20454697,LHON,Reported
8691,A,G,7,0.01,K55K,nr,nr,30763462,Infantile-mito-disease-w-subclinical-hypothyroidism,Reported
8719,G,A,0,0,G65Term,-,+,23463613,Suspected-mito-disease,Reported
8723,G,T,0,0,R66L,99%,-,30763462,Patient-with-suspected-mitochondrial-disease,Reported
8741,T,G,0,0,L72R,-,+,19433277,MILS-protective-factor,Reported
8779,C,T,1,0,L85F,+,-,31743754,Possible-LHON-modulator,Reported
8782,G,A,0,0,G86Term,-,+,32042910,Cerebellar-ataxia+diabetes+kidney-disease-/-ataxia+myoclonic-epilepsy,Reported
8783,G,A,1,0,G86E,nr,nr,32652755,Unspecified-suspected-mitochondrial-disorder,Reported
8794,C,T,1749,2.86,H90Y,+,-,15126279,Exercise-Endurance-/-Coronary-Atherosclerosis-risk,Reported
8795,A,G,0,0,H90R,-,+,19433277,MILS-protective-factor,Reported
8806,C,G,0,0,P94A,nr,nr,32858252,Suspected-mito-disease,Reported
8812,A,G,66,0.11,T96A,-,+,34037856,Spinocerebellar-ataxia,Reported
8821,T,G,0,0,S99A,nr,nr,15896721,Possible-LHON-helper-variant,Reported
8836,A,G,171,0.28,M104V,+,-,17003408,LHON,Reported
8839,G,C,0,0,A105P,-,+,30763462,NARP-syndrome,Reported
8843,T,C,210,0.34,I106T,+,-,30763462,Patient-with-suspected-mitochondrial-disease,Reported-by-paper-as-Likely-Benign
8851,T,C,4,0.01,W109R,+,+,8554662,BSN-/-Leigh-syndrome,Cfrm-[VUS*]
8881,T,C,3,0,S119P,nr,nr,30763462,Patient-with-suspected-mitochondrial-disease,Reported
8890,A,G,0,0,K122E,-,+,23921547,Juvenile-onset-metabolic-syndrome,Reported
8902,G,A,8,0.01,A126T,nr,nr,32858252,Suspected-mito-disease,Reported
8909,T,C,0,0,F128S,+,-,32971864,Recurrent-severe-kidney-disease-and-multiple-systemic-dysfunctions,Reported
8921,G,A,9,0.01,G132D,+,-,30763462,Patient-with-suspected-mitochondrial-disease,Reported
8932,C,T,245,0.4,P136S,+,-,18850577,Prostate-tumor-/-Neuromuscular-disorder,Reported-[B]
8936,T,A,1,0,L137H,-,+,29929013,Atypical-Leigh-syndrome,Reported-[VUS]
8938,A,G,47,0.08,I138V,+,-,30763462,Patient-with-suspected-mitochondrial-disease,Reported
8950,G,A,85,0.14,V142I,+,-,16196519,LDYT-/-Spinocerebellar-Ataxia,Reported
8951,T,C,9,0.01,V142A,nr,nr,32504279,Patient-with-ataxia,Reported
8959,G,A,4,0.01,E145K,+,+,29307858,Developmental-delay+-intellectual-disability+-low-citrilline,Reported
8969,G,A,1,0,S148N,-,+,"25037980,32858252","Mitochondrial-myopathy+-lactic-acidosis-and-sideroblastic-anemia-(MLASA)-/-IgG-nephropathy,Suspected-mito-disease","Cfrm-[LP],Reported"
8969,G,C,0,0,S148T,nr,nr,"25037980,32858252","Mitochondrial-myopathy+-lactic-acidosis-and-sideroblastic-anemia-(MLASA)-/-IgG-nephropathy,Suspected-mito-disease","Cfrm-[LP],Reported"
8975,T,C,22,0.04,L150P,nr,nr,32858252,Suspected-mito-disease,Reported
8989,G,C,0,0,A155P,-,+,30763462,NARP-syndrome,Reported
8993,T,C,2,0,L156P,-,+,"8395787,8095070","NARP-/-Leigh-Disease-/-MILS-/-other,NARP-/-Leigh-Disease-/-MILS-/-other","Cfrm-[P],Cfrm-[P]"
8993,T,G,6,0.01,L156R,+,+,"8395787,8095070","NARP-/-Leigh-Disease-/-MILS-/-other,NARP-/-Leigh-Disease-/-MILS-/-other","Cfrm-[P],Cfrm-[P]"
8993,TG,CA,0,0,L156P,+,+,32652755,Developmental-delay-&-myopathy,Reported
8999,T,C,9,0.01,V158A,+,-,30763462,Patient-with-suspected-mitochondrial-disease,Reported
9008,C,G,2,0,T161S,nr,nr,32858252,Suspected-mito-disease,Reported
9010,G,A,27,0.04,A162T,-,+,30227252,Unspecified-neurological-disorder,Reported
9016,A,G,13,0.02,I164V,-,+,16050984,LHON,Reported
9017,T,C,14,0.02,I164T,-,+,30227252,Unspecified-neurological-disorder,Reported
9019,A,G,0,0,T165A,nr,nr,32858252,Suspected-mito-disease,Reported
9025,G,A,41,0.07,G167S,+,-,24986921,Motor-neuropathy+-Leigh-like+-colon-cancer,Reported
9026,G,A,3,0,G167D,-,+,24448545,Spinocerebellar-ataxia-/-patient-with-suspected-mitochondrial-disease,Reported-[VUS]
9029,A,G,1,0,H168R,+,+,23463613,LHON-like,Reported
9032,T,C,0,0,L169P,-,+,24986921,NARP-/-Complex-phenotype-with-microcephaly+-ataxia+-hearing-loss+-lactic-acidosis,Reported-[VUS]
9035,T,C,0,0,L170P,+,+,19626676,Ataxia-syndromes,Cfrm-[LP]
9041,A,G,53,0.09,H172R,-,+,30763462,Patient-with-suspected-mitochondrial-disease,Reported
9049,G,A,0,0,G175Term,nr,nr,32652755,Unspecified-suspected-mitochondrial-disorder,Reported
9055,G,A,2563,4.19,A177T,+,-,12618962,PD-protective-factor,Reported-[B]
9058,A,G,33,0.05,T178A,+,-,20211276,Patients-with-(1)-LVNC-cardiomyopathy|-(2)-autism+-intellectual-disability+-epilepsy,Reported-as-(1)-possible-association-or-as-(2)-benign
9071,C,T,17,0.03,S182L,+,-,23304069,Potentially-functional-variant-cosegregating-with-LHON3635A,Reported
9088,T,C,25,0.04,S188P,-,+,30763462,Patient-with-suspected-mitochondrial-disease,Reported-by-paper-as-Likely-Benign
9098,T,C,65,0.11,I191T,+,-,19947808,Predisposition-to-anti-retroviral-mito-disease,Reported
9101,T,C,62,0.1,I192T,+,-,7726182,LHON,Reported
9115,A,G,27,0.04,I197V,+,-,17320116,Patient-with-suspected-mitochondrial-disease,Reported
9126,TAT,T,0,0,IL-PTerm,-,+,29054413,NARP,Reported
9133,G,A,4,0.01,E203K,+,-,30763462,Patient-with-suspected-mitochondrial-disease,Reported
9134,A,G,0,0,E203G,nr,nr,22231385,Hypotonia+-lactic-acidosis+-HCM+-IUGR,Reported
9139,G,A,51,0.08,A205T,+,-,18216301,LHON,Reported---possibly-synergistic
9152,T,C,17,0.03,I209T,-,+,30763462,Patient-with-suspected-mitochondrial-disease,Reported-[VUS]
9154,C,T,0,0,Q210Term,-,+,34418069,Peripheral-neuropathy-ataxia-IgA-nephropathy,Reported
9155,A,G,0,0,Q210R,-,+,"27450679,29307858","MIDD+-renal-insufficiency,Developmental-delay+-intellectual-disability+-low-citrilline","Cfrm-[LP],Reported"
9155,A,T,0,0,Q210L,+,+,"27450679,29307858","MIDD+-renal-insufficiency,Developmental-delay+-intellectual-disability+-low-citrilline","Cfrm-[LP],Reported"
9166,T,C,0,0,F214L,+,+,32419253,EXIT+more-/-bilateral-optic-neuropathy,Reported
9176,T,C,3,0,L217P,+,+,"7668837,11119722","FBSN-/-Leigh-Disease-/-Spinocerebellar-Ataxia,Leigh-Disease-/-Spastic-Paraplegia-/-Spinocerebellar-Ataxia","Cfrm-[P],Cfrm-[LP]"
9176,T,G,1,0,L217R,+,+,"7668837,11119722","FBSN-/-Leigh-Disease-/-Spinocerebellar-Ataxia,Leigh-Disease-/-Spastic-Paraplegia-/-Spinocerebellar-Ataxia","Cfrm-[P],Cfrm-[LP]"
9185,T,C,3,0,L220P,+,+,16217706,Leigh-Disease-/-Ataxia-syndromes-/-NARP-like-disease-/-Episodic-weakness-and-Charcot-Marie-Tooth,Cfrm-[P]
9191,T,C,0,0,L222P,-,+,16217706,Leigh-Disease,Cfrm-[LP]
9204,ATA,A,0,0,Ter-M,+,-,24667782,Encephalopathy-/-Seizures-/-Lacticacidemia,Cfrm-[LP]
9237,G,A,0,0,V11M,na,na,28027978,Mitochondrial-Respiratory-Chain-Disorder,Reported
9266,G,T,1,0,G20G,-,+,33504965,Possible-association-with-sepsis,Reported
9267,G,C,0,0,A21P,-,+,25701779,MIDD,Reported
9331,T,C,1,0,L42P,+,-,30831263,Failure-to-thrive-with-metabolic-acidosis+-cognitive-impairment+-optic-atrophy,Reported
9379,G,A,0,0,W58Term,-,+,12414820,MM-w-lactic-acidosis,Reported
9387,G,A,0,0,V61M,-,+,23645088,Asthenozoospermia,Reported
9399,A,G,1,0,S65G,nr,nr,32504279,Patient-with-epilepsy+-myopathy+-hypoacusis+-psychiatric-disorders,Reported
9403,C,A,0,0,T66K,-,+,33504965,Possible-association-with-sepsis,Reported
9415,A,G,0,0,H70R,-,+,33504965,Possible-association-with-sepsis,Reported
9438,G,A,767,1.25,G78S,+,-,8037217,LHON-/-gout,Conflicting-reports
9444,C,T,1,0,R80W,+,-,31817256,Possible-LHON-helper-mutation,Reported
9478,T,C,22,0.04,V91A,-,+,29253894,Leigh-Disease,Reported
9479,TTTTTTCTTCGCAGGA,T,0,0,FFFAG-del,-,+,8630495,Myoglobinuria,Reported
9486,TTCGCAGGATTTTTCT,T,0,0,FFAGFF-del,-,+,8630495,Myoglobinuria,Reported-(alt-loc)
9490,C,T,24,0.04,A95V,+,-,29976239,Gout,Reported
9537,C,CC,0,0,frameshift,+,-,11063732,Leigh-Disease,Reported
9544,G,A,0,0,G113E,nr,nr,18676632,Sporadic-bilateral-optic-neuropathy,Reported
9558,CC,C,0,0,frameshift,-,+,21163656,Rhabdomyolysis,Reported
9660,A,C,0,0,M152L,+,-,17003408,LHON,Reported
9738,G,T,0,0,A178S,+,-,7804416,LHON,Reported
9789,T,C,0,0,S195P,-,+,16288875,Myopathy,Reported
9804,G,A,180,0.29,A200T,+,+,8240356,LHON-/-MS,Reported-[VUS]
9856,T,C,21,0.03,I217T,+,-,23465694,LVNC-cardiomyopathy-/-gout,Reported
9861,T,C,126,0.21,F219L,+,-,16358358,AD,Reported
9907,G,A,0,0,G234D,-,+,37038312,Cavitating-leukodystrophy,Reported
9921,G,A,67,0.11,A239T,+,-,31817256,Possible-LHON-helper-mutation,Reported
9952,G,A,0,0,W249Term,-,+,9634511,Mitochondrial-Encephalopathy,Reported
9957,T,C,48,0.08,F251L,-,+,7496173,PEM-/-MELAS-/-NAION-/-HCM-/-gout,Reported
9966,G,A,401,0.66,V254I,nr,nr,15896721,LHON-possible-helper-variant,Reported
9972,A,C,2,0,I256L,-,+,19460300,EXIT-&-APS2---possible-link,Reported
9984,G,A,0,0,G260Term,nr,nr,17403843,Suspected-mito-disease,Reported
9997,T,A,0,0,,nr,nr,"31965079,8079988","Unspecified-patient-from-clinical-lab,MHCM","Reported,Reported"
9997,T,C,1,0,,-,+,"31965079,8079988","Unspecified-patient-from-clinical-lab,MHCM","Reported,Reported"
10000,G,A,4,0.01,,-,+,35432167,Multisystem-mitochondrial-disorder,Reported
10003,T,C,11,0.02,,+,-,26134044,Hypertension-/-maternally-inherited-diabetes-/-hearing-loss,Reported
10005,A,G,21,0.03,,nr,nr,24470521,Hearing-loss-patient,Reported
10006,A,G,15,0.02,,+,-,1709275,CIPO-/-Encephalopathy,Unclear
10010,T,C,0,0,,-,+,9199564,PEM,Cfrm-[VUS*]
10014,G,A,1,0,,+,-,11335700,Myopathy,Unclear
10019,C,T,0,0,,nr,nr,32169613,Hearing-loss-patient,Reported
10044,A,G,184,0.3,,-,+,8888049,SIDS,Unclear
10055,A,G,12,0.02,,nr,nr,23463613,Tic-disorder-patient-/-hearing-loss-patient,Reported
10057,T,C,6,0.01,,nr,nr,32169613,Hearing-loss-patient,Reported
10086,A,G,470,0.77,N10D,+,-,23563965,Hypertensive-end-stage-renal-disease,Reported
10134,C,A,0,0,Q26K,-,+,25118196,Leigh-Disease,Reported
10142,C,T,698,1.14,N28N,nr,nr,28696810,Recurrent-pregnancy-loss,Reported
10158,T,C,0,0,S34P,+,+,22115768,Leigh-Disease-/-MELAS,Cfrm-[P]
10189,T,C,1,0,M44T,-,+,30831263,Behavior-alteration-with-dilated-cardiomyopathy,Reported
10191,T,C,0,0,S45P,-,+,11456298,Leigh-Disease-/-Leigh-like-Disease-/-ESOC,Cfrm-[P]
10197,G,A,4,0.01,A47T,+,+,11130070,Leigh-Disease-/-Dystonia-/-Stroke-/-LDYT,Cfrm-[P]
10237,T,C,99,0.16,I60T,+,-,12227465,LHON,Reported
10254,G,A,0,0,D66N,-,+,20202874,Leigh-Disease,Cfrm-[LP]
10350,C,A,0,0,L98M,+,-,34177762,LHON,Reported
10398,A,G,"35295,25866","57.7,42.29","T114T,T114A","+,+","-,-","16140977,12618962","Invasive-Breast-Cancer-risk-factor-AD-PD-BD-lithium-response-Type-2-DM,PD-protective-factor-/-longevity-/-altered-cell-pH-/-metabolic-syndrome-/-breast-cancer-risk-/-Leigh-Syndrome-risk-/-ADHD-/-cognitive-decline-/-SCA2-age-of-onset-/-Fuchs-endothelial-corneal-dystrophy","Reported|-lineage-N-marker-except-hg-IJK,Reported|-lineage-L-&-M-marker+-also-hg-IJK"
10406,G,A,0,0,,-,+,17588757,Mitochondrial-myopathy,Reported
10408,T,C,0,0,,nr,nr,31965079,Unspecified-patient-from-clinical-lab,Reported
10410,T,C,284,0.46,,+,-,33625761,Possible-maternally-inherited-hypertension-risk-factor,Reported
10411,A,T,0,0,,+,-,9344764,Dilated-Cardiomyopathy,Reported
10415,T,C,0,0,,+,-,9344764,Dilated-Cardiomyopathy,Reported
10437,G,A,0,0,,-,+,22781096,Mitochondrial-myopathy,Reported
10438,A,G,0,0,,-,+,"15286228,30430429","Progressive-Encephalopathy,Non-dystrophic-myopathy","Reported,Reported"
10438,A,T,0,0,,-,+,"15286228,30430429","Progressive-Encephalopathy,Non-dystrophic-myopathy","Reported,Reported"
10450,A,G,0,0,,-,+,19809478,Combined-OXPHOS-defects-&-severe-multisystem-disorder,Reported
10454,T,C,227,0.37,,+,-,16955413,Possible-deafness-or-maternally-inherited-hypertension-risk-factor,Reported
10460,T,C,0,0,,nr,nr,31965079,Unspecified-patient-from-clinical-lab,Reported
10543,A,G,0,0,H25R,-,+,17003408,LHON,Reported
10591,T,G,0,0,F41C,-,+,17003408,LHON,Reported
10609,T,C,1438,2.35,M47T,nr,nr,24568867,Type-2-diabetes-patients-with-underlying-3243G-/-LHON-patient-with-10663C,Reported
10652,T,C,57,0.09,I61I,-,+,19290059,BD-/-MDD-associated,Reported
10663,T,C,2,0,V65A,+,-,8680405,LHON,Cfrm-[LP]
10676,C,G,1,0,C69W,nr,nr,33402819,Type-2-cataract-patients-with-underlying-3243G,Reported
10680,G,A,18,0.03,A71T,+,-,29444077,LHON-/-synergistic-combo-10680A-+-12033G-+-14258A,Reported-/-possibly-synergistic
11042,T,C,0,0,Y95H,-,+,29343773,Biliary-atresia,Reported
11047,CT,C,0,0,frameshift,-,+,29343773,Biliary-atresia,Reported
11084,A,G,228,0.37,T109A,+,+,1323207,AD+-PD-MELAS,Conflicting-reports
11150,G,A,152,0.25,A131T,+,-,31798871,Found-in-a-Multiple-Sclerosis-patient,Reported
11232,T,C,0,0,L158P,-,+,14581685,CPEO,Reported
11240,C,T,0,0,L161F,-,+,27761019,Leigh-Syndrome,Reported
11251,A,G,6013,9.83,L164L,nr,nr,23645593,Reduced-risk-of-PD,Reported
11253,T,C,319,0.52,I165T,+,-,12150954,LHON-PD,Reported
11365,T,C,121,0.2,A202A,+,-,16266762,found-in-HCM-patient,Reported
11375,A,C,0,0,K206Q,+,-,24667788,found-in-sCJD-patient,Reported
11406,T,A,0,0,L216H,-,+,32659360,MELAS,Reported
11467,A,G,7880,12.88,L236L,+,-,16773565,Altered-brain-pH-/-sCJD-patients,Reported
11470,A,C,0,0,K237N,-,+,21850008,MELAS,Reported
11519,A,C,0,0,T254P,+,-,31798871,ND4-mutation-set-found-in-a-Multiple-Sclerosis-patient,Reported
11523,A,C,0,0,K255T,+,-,31798871,ND4-mutation-set-found-in-a-Multiple-Sclerosis-patient,Reported
11527,C,T,25,0.04,H256H,+,-,31798871,ND4-mutation-set-found-in-a-Multiple-Sclerosis-patient,Reported
11620,ATA,A,0,0,frameshift,-,+,23463613,CPEO+-exercise-intolerance,Reported
11696,G,A,373,0.61,V313I,+,+,8644732,LHON-/-LDYT-/-DEAF-/-hypertension-helper-mut.,Reported-/-possibly-synergistic
11777,C,A,0,0,R340S,-,+,29428506,Leigh-Disease,Cfrm-[LP]
11778,G,A,190,0.31,R340H,+,+,2390098,LHON-/-Progressive-Dystonia,Cfrm-[P]
11832,G,A,0,0,W358Term,-,+,10360780,EXIT-/-oncocytoma,Reported
11874,C,A,0,0,T372N,+,-,17003408,LHON,Reported
11914,G,A,6409,10.48,T385T,nr,nr,31824475,Possible-susceptibility-to-bullous-pemphigoid,Reported
11919,C,T,1,0,S387F,+,-,15608681,Thyroid-Cancer-Cell-Line,Reported
11984,T,C,64,0.1,Y409H,+,-,19043581,Leigh-Syndrome,Reported
11994,C,T,0,0,T412I,+,-,17517394,Oligoasthenoteratozoospermia-(OAT),Conflicting-reports
12015,T,C,3,0,L419P,-,+,30949164,Atypical-MELAS,Reported
12026,A,G,267,0.44,I423V,+,-,9519725,DM,Reported
12027,T,C,2,0,I423T,nr,nr,19290059,SZ-associated,Reported
12033,A,G,22,0.04,N425S,+,-,29444077,LHON-synergistic-combo-10680A-+-12033G-+-14258A,Reported:-individually-neutral-variants-causing-LHON-in-combination
12063,C,T,41,0.07,T435I,nr,nr,28696810,Recurrent-pregnancy-loss,Reported
12141,A,G,9,0.01,,nr,nr,33289513,Reported-in-tic-disorder-patient,Reported
12146,A,G,0,0,,+,+,21704194,MELAS,Reported
12147,G,A,0,0,,-,+,14967777,MERRF-MELAS-/-Encephalopathy,Cfrm-[LP]
12148,T,C,1,0,,-,+,23463613,Developmental-delay+-optic-atrophy+-cataract+-hearing-loss+-myopathy,Reported
12158,A,G,0,0,,-,+,24931247,MELAS,Reported
12167,T,C,2,0,,nr,nr,32169613,Hearing-loss-patient,Reported
12182,A,G,2,0,,+,-,30831263,Sclerosis-like-symptoms-+-white-matter-alterations,Reported-as-VUS
12183,G,A,1,0,,-,+,12682337,RP-+-DEAF,Reported
12187,C,A,0,0,,+,-,24931671,Asthenozoospermia,Reported
12188,T,C,31,0.05,,nr,nr,16738010,Hearing-loss-patient,Reported
12192,G,A,125,0.2,,+,-,10621222,MICM-/-possible-G15927A-deafness-modulator,Reported
12201,T,C,1,0,,-,+,21931169,Maternally-inherited-non-syndromic-deafness,Cfrm-[LP]
12206,C,T,0,0,,-,+,23696415,MELAS-like-encephalopathy+bilateral-optic-atrophy,Reported
12207,G,A,0,0,,-,+,12406974,Myopathy-/-Encephalopathy,Reported
12224,C,T,4,0.01,,+,-,19818876,DEAF-helper-mutation,Reported
12235,T,C,229,0.37,,nr,nr,31965079,Hearing-loss-patient,Reported
12236,G,A,437,0.71,,+,-,17637808,DEAF,Reported
12246,C,A,3,0,,nr,nr,1709275,CIPO,Reported
12258,C,A,1,0,,-,+,"9792552,31965079","DMDF-/-RP+SNHL,Unspecified-patient-from-clinical-lab","Cfrm-[LP],Reported"
12258,C,T,0,0,,nr,nr,"9792552,31965079","DMDF-/-RP+SNHL,Unspecified-patient-from-clinical-lab","Cfrm-[LP],Reported"
12261,T,C,0,0,,-,+,22378285,Myopathy+epilepsy+retinal-degeneration+DEAF,Reported
12262,C,A,0,0,,-,+,21257182,Progressive-MM+Deafness+Seizures,Reported
12264,C,T,0,0,,+,+,22369973,Multisystem-Disease-with-Cataracts-/-Myopathy+epilepsy+DEAF+atypical-autism,Reported
12276,G,A,1,0,,-,+,15591266,CPEO,Cfrm-[LP]
12279,A,G,261,0.43,,nr,nr,33289513,Reported-in-tic-disorder-patient,Reported
12280,A,G,95,0.16,,+,-,30783460,Hypertension,Reported
12283,G,A,1,0,,-,+,19853445,CPEO,Reported
12293,G,A,0,0,,-,+,25223649,Axial-mitochondrial-myopathy-/-EXIT+myalgia+ptosis,Reported
12294,G,A,0,0,,-,+,14581685,CPEO-/-EXIT+Ophthalmoplegia,Cfrm-[VUS*]
12297,T,C,50,0.08,,+,+,10602359,Dilated-Cardiomyopathy-/-Leigh-Syndrome-/-Failure-to-Thrive-&-LA,Reported
12299,A,C,0,0,,-,+,17092464,MELAS,Reported
12300,G,A,0,0,,-,+,9537417,3243-suppressor-mutant,Reported
12308,A,G,7860,12.85,,+,+,1709275,CPEO-/-Stroke-/-CM-/-Breast-&-Renal-&-Prostate-Cancer-Risk-/-Altered-brain-pH-/sCJD,Reported-[B]
12311,T,C,65,0.11,,+,+,7525879,CPEO,Reported
12313,T,C,0,0,,-,+,18343111,FSHD,Reported
12315,G,A,0,0,,-,+,8923013,CPEO-/-KSS-/-possible-carotid-atherosclerosis-risk+-trend-toward-myocardial-infarction-risk,Cfrm-[LP]
12316,G,A,0,0,,-,+,18603265,CPEO-/-mitochondrial-myopathy,Cfrm-[VUS*]
12317,T,C,1,0,,-,+,23696415,CPEO+ptosis+myopathy+exercise-intolerance+diabetes,Reported
12320,A,G,0,0,,-,+,9207784,MM,Reported
12324,CC,C,0,0,,nr,nr,32169613,Hearing-loss-patient,Reported
12334,G,A,0,0,,-,+,32310184,CPEO,Reported
12335,T,C,0,0,,nr,nr,31965079,Unspecified-patient-from-clinical-lab,Reported
12338,T,C,201,0.33,M1T,+,-,21131053,DEAF1555-increased-penetrance-/-LHON-/-MIDD,Conflicting-reports
12350,C,A,0,0,T5N,-,+,27155156,SNHL-+-neurodevelopmental-delay,Reported
12361,A,G,352,0.58,T9A,+,-,22153811,Non-alcoholic-fatty-liver-disease,Reported
12372,G,A,8446,13.81,L12L,+,-,16773565,Altered-brain-pH-/-sCJD-patients,Reported
12397,A,G,379,0.62,T21A,+,-,21457906,PD+-early-onset,Reported
12413,CT,C,0,0,frameshift,nr,nr,23847141,EXIT,Reported
12424,AA,A,4,0.01,frameshift,-,+,20018511,Mitochondrial-myopathy-&-renal-failure,Reported
12477,T,C,307,0.5,S47S,+,-,16266762,Possible-HCM-susceptibility,Reported
12622,G,A,10,0.02,V96I,+,+,17400793,Leigh-Disease,Conflicting-reports
12631,T,A,0,0,S99T,+,-,24667788,found-in-2-sCJD-patients,Reported
12634,A,G,243,0.4,I100V,+,+,27498855,Thyroid-Cancer-Cell-Line,Reported
12662,A,G,83,0.14,N109S,nr,nr,28696810,Recurrent-pregnancy-loss,Reported
12686,T,A,0,0,F117Y,+,-,9344764,Dilated-Cardiomyopathy,Reported
12705,C,T,24187,39.54,I123I,nr,nr,30312593,Possible-protective-factor-for-normal-tension-glaucoma,Reported
12706,T,C,0,0,F124L,-,+,23847141,Leigh-Disease,Cfrm-[LP]
12770,A,G,1,0,E145G,-,+,29253894,MELAS,Reported
12778,G,C,0,0,G148R,+,-,9344764,Dilated-Cardiomyopathy,Reported
12782,T,G,0,0,I149S,-,+,17003408,LHON,Reported
12811,T,C,682,1.11,Y159H,+,-,7901141,Possible-LHON-factor,Reported-[B]
12848,C,T,0,0,A171V,-,+,16240359,LHON,Reported
12858,C,A,0,0,Y174Term,nr,nr,32652755,Unspecified-suspected-mitochondrial-disorder,Reported
12955,A,G,0,0,N207D,-,+,26014388,EXIT-and-developmental-delay,Reported
13042,G,A,2,0,A236T,-,+,29253894,Optic-neuropathy/-retinopathy/-LD,Cfrm-[LP]
13045,A,C,1,0,M237L,-,+,"12509858,31639449","MELAS-/-LHON-/-Leigh-overlap-syndrome,MELAS","Reported-[VUS],Reported"
13045,A,G,0,0,M237V,-,+,"12509858,31639449","MELAS-/-LHON-/-Leigh-overlap-syndrome,MELAS","Reported-[VUS],Reported"
13046,T,C,0,0,M237T,-,+,26894521,LHON/MELAS-overlap-syndrome,Reported
13051,G,A,0,0,G239S,+,-,12736867,LHON,Cfrm-[VUS*]
13063,G,A,2,0,V243I,-,+,17535832,Adult-onset-Encephalopathy-/-Ataxia,Reported
13084,A,T,0,0,S250C,-,+,12796552,MELAS-/-Leigh-Disease,Reported-[VUS]
13091,T,C,0,0,M252T,-,+,31996177,MELAS+Migraine,Reported
13094,T,C,1,0,V253A,+,+,33763872,Ataxia+PEO-/-MELAS+-LD+-LHON+-myoclonus+-fatigue,Cfrm-[P]
13135,G,A,585,0.96,A267T,+,-,19473338,Possible-HCM-susceptibility,Reported
13138,G,A,0,0,E268K,+,-,31743754,Possible-LHON-modulator,Reported
13204,G,A,43,0.07,V290I,+,-,20454697,Peripheral-neuropathy-of-T2-diabetes,Reported
13271,T,C,1,0,L312P,-,+,23065728,Exercise-intolerance-(EXIT),Reported
13276,A,G,1682,2.75,M314V,+,-,28890306,MIDD+retinopathy,Conflicting-reports
13340,T,C,1,0,F335S,+,-,34177762,LHON,Reported
13345,G,A,0,0,A337T,+,-,,LHON,Reported
13376,T,C,1,0,I347T,+,-,31689606,MELAS-w-medial-temporal-lobe-atrophy,Reported
13379,A,C,0,0,H348P,+,-,"17003408,31669237","LHON,LHON","Reported-[VUS],Cfrm-[VUS*]"
13379,A,G,0,0,H348R,+,-,"17003408,31669237","LHON,LHON","Reported-[VUS],Cfrm-[VUS*]"
13511,A,T,0,0,K392M,-,+,17400793,Leigh-like-syndrome,Reported
13513,G,A,1,0,D393N,-,+,9299505,Leigh-Disease-/-MELAS-/-LHON-MELAS-Overlap-Syndrome-/-negative-association-w-Carotid-Atherosclerosis,Cfrm-[P]
13514,A,G,0,0,D393G,-,+,11198278,Leigh-Disease-/-MELAS-/-Ca2+-downregulation,Cfrm-[LP]
13528,A,G,75,0.12,T398A,+,-,11102991,LHON-like+-LHON+-MELAS,Reported-[LB]
13565,C,T,76,0.12,S410F,+,-,11938495,Found-in-MELAS-patient,Reported
13580,C,G,0,0,A415G,-,+,15608681,Thyroid-Cancer,Reported
13590,G,A,3338,5.46,L418L,nr,nr,23096691,Possible-protective-factor-for-high-altitude-sickness,Reported
13637,A,G,595,0.97,Q434R,+,-,7901141,Possible-LHON-factor,Reported
13702,C,G,17,0.03,R456G,nr,nr,11853713,Possible-LHON-helper-(one-14484-patient),Reported
13708,G,A,4565,7.46,A458T,+,+,8680405,LHON-/-Increased-MS-risk-/-higher-freq-in-PD-ADS,Conflicting-reports
13712,C,T,10,0.02,A459V,nr,nr,11853713,Possible-LHON-helper-(one-11778-patient),Reported
13730,G,A,0,0,G465E,-,+,8213825,LHON,Reported-[VUS]
13759,G,A,2110,3.45,A475T,+,-,16331570,Possible-LHON-factor,Reported
13831,C,A,3,0,L499M,-,+,15608681,Thyroid-Cancer-Cell-Line,Reported
13849,A,C,1,0,N505H,+,-,18587274,MELAS,Reported---possibly-secondary
13967,C,T,183,0.3,T544M,+,-,7901141,Possible-LHON-factor,Reported
14002,A,G,142,0.23,T556A,+,-,31358833,High-altitude-pulmonary-edema-susceptibility,Reported
14063,T,C,24,0.04,I576T,+,-,23304069,Potentially-functional-variant-cosegregating-with-LHON3635A,Reported
14091,A,T,0,0,K585N,-,+,23463613,Developmental-delay+-seizure+-hearing-loss+-diabetes,Reported
14163,C,T,13,0.02,A171T,+,-,21838605,Possible-deafness-factor,Conflicting-reports
14179,A,G,324,0.53,Y165Y,nr,nr,28696810,Recurrent-pregnancy-loss,Reported
14258,G,A,33,0.05,P139L,+,-,29444077,LHON-synergistic-combo-10680A-+-12033G-+-14258A-also-combo-14258A-+-14582G,Reported:-individually-neutral-variants-causing-LHON-in-combination
14263,C,T,6,0.01,E137E,nr,nr,28696810,Recurrent-pregnancy-loss,Reported
14279,G,A,7,0.01,S132L,+,-,15922297,LHON,Reported
14319,T,C,78,0.13,N119D,+,-,21457906,PD+-early-onset,Reported
14325,T,C,57,0.09,N117D,+,-,12736867,LHON,Reported
14340,C,T,21,0.03,V112M,+,-,15637703,SNHL,Reported
14342,C,A,0,0,G111V,-,+,33504965,Possible-association-with-sepsis,Reported
14351,T,C,2,0,E108G,-,+,27155156,SNHL-+-neurodevelopmental-delay,Reported
14430,A,G,0,0,W82R,+,-,15608681,Thyroid-Cancer-/-Leigh-Syndrome,Reported
14439,G,A,0,0,P79S,+,-,25356405,LS-/-Mitochondrial-Respiratory-Chain-Disorder,Reported
14441,T,C,0,0,Y78C,nr,nr,28862604,Leigh-like-phenotype,Reported
14453,G,A,0,0,A74V,-,+,11781695,MELAS-/-Leigh-Disease,Cfrm-[LP]
14459,G,A,3,0,A72V,+,+,8680405,LDYT-/-Leigh-Disease-/-dystonia-/-carotid-atherosclerosis-risk,Cfrm-[P]
14465,G,A,0,0,T70I,-,+,34264415,LHON-/-various-supected-mitochondrial-disease,Reported
14482,C,A,2,0,M64I,+,+,"12112086,9443868","LHON,LHON","Cfrm-[LP],Cfrm-[LP]"
14482,C,G,0,0,M64I,+,+,"12112086,9443868","LHON,LHON","Cfrm-[LP],Cfrm-[LP]"
14484,T,C,69,0.11,M64V,+,+,8680405,LHON,Cfrm-[P]
14487,T,C,0,0,M63V,-,+,17535832,Dystonia-/-Leigh-Disease-/-ataxia-/-ptosis-/-epilepsy,Cfrm-[P]
14495,A,G,2,0,L60S,-,+,11133798,LHON,Cfrm-[LP]
14498,T,C,0,0,Y59C,+,+,9177303,LHON,Reported
14502,T,C,214,0.35,I58V,+,-,24398099,LHON,Reported---possibly-synergistic
14511,CTA,C,0,0,frameshift,-,+,32158465,EXIT-w-mild-myopathy-&-hyperCKaemia,Reported
14535,C,CC,0,0,frameshift,nr,nr,23847141,DMDF,Reported
14538,A,G,0,0,F46L,+,-,34177762,LHON,Reported
14568,C,T,6,0.01,G36S,+,-,9177303,LHON,Cfrm-[LP]
14577,T,C,435,0.71,I33V,-,+,10909988,MIDM,Reported
14582,A,G,355,0.58,V31A,+,-,29444077,LHON-synergistic-combo-14258A-+-14582G,Reported:-individually-neutral-variants-causing-LHON-in-combination
14596,A,T,0,0,I26M,+,-,8644732,LHON-with-hereditary-spastic-dystonia,Reported-[VUS]
14597,A,G,0,0,I26T,-,+,31669237,LHON-/-LS,Cfrm-[LP]
14598,T,C,7,0.01,I26V,+,-,,PD-/-LS,Reported-[VUS]
14600,G,A,0,0,P25L,+,+,17535832,Leigh-Disease-w/optic-atrophy-/-ASD-mouse-model,Reported
14668,C,T,2408,3.94,M2M,+,-,19290059,Depressive-Disorder-associated,Reported
14674,T,C,10,0.02,,+,-,"8155739,21194154","Reversible-COX-deficiency-myopathy,Reversible-COX-deficiency-myopathy","Cfrm-[LP],Reported"
14674,T,G,0,0,,+,-,"8155739,21194154","Reversible-COX-deficiency-myopathy,Reversible-COX-deficiency-myopathy","Cfrm-[LP],Reported"
14680,C,A,0,0,,-,+,17715279,Mitochondrial-encephalomyopathy,Reported
14685,G,A,0,0,,-,+,23334599,Cataracts-w-spastic-paraparesis-&-ataxia,Reported
14687,A,G,351,0.57,,+,-,12760436,Mito-myopathy-w-respiratory-failure|-intellectual-disability,Reported
14692,A,G,25,0.04,,+,-,8728098,LHON-helper-/-Maternally-inherited-diabetes-&-deafness-/tic-disorder,Reported
14693,A,G,343,0.56,,+,+,14571459,MELAS-/-LHON-/-DEAF-/-hypertension-helper,Reported
14696,A,G,81,0.13,,-,+,15286228,Progressive-Encephalopathy,Reported
14701,C,T,0,0,,+,-,34400372,Reversible-infantile-respiratory-chain-deficiency-(RIRCD),Reported
14709,T,C,1,0,,+,+,7726155,MM+DMDF-/-Encephalomyopathy-/-Dementia+diabetes+ophthalmoplegia,Cfrm-[LP]
14710,G,A,0,0,,-,+,11506394,Encephalomyopathy-+-Retinopathy,Cfrm-[VUS*]
14721,G,A,0,0,,-,+,24667782,Isolated-complex-I-deficiency,Reported
14723,T,C,0,0,,-,+,20810132,CPEO-+-Myopathy,Reported
14724,G,A,0,0,,-,+,17266923,Mito-Leukoencephalopathy,Reported
14728,T,C,0,0,,-,+,17897888,Late-onset-mitochondrial-encephalomyopathy,Reported
14739,G,A,1,0,,-,+,17056256,EXIT,Reported
14783,T,C,12349,20.19,L13L,nr,nr,33420243,Possible-role-in-high-altitude-sickness,Reported
14786,ATTAA,A,0,0,frameshift,-,+,9894888,PD-/-MELAS,Reported
14831,G,A,117,0.19,A29T,+,-,12150954,LHON,Reported
14841,A,G,21,0.03,N32S,-,+,19555656,LHON-helper-mut.,Reported
14846,G,A,0,0,G34S,-,+,10502593,EXIT-/-possibly-antiatherogenic+-poss.-myocardial-infarction-association,Reported
14849,T,C,0,0,S35P,-,+,11891837,EXIT-/-Septo-Optic-Dysplasia,Cfrm-[VUS*]
14864,T,C,3,0,C40R,-,+,22638077,MELAS,Reported
14894,T,C,9,0.01,F50L,nr,nr,10663786,LHON,Reported
14970,A,G,7,0.01,Y75C,nr,nr,,LHON,Reported
15024,G,A,37,0.06,C93Y,+,-,20153673,Possible-DEAF-modifier,Reported
15043,G,A,13811,22.58,G99G,+,-,16773565,MDD-associated-/-possible-factor-in-high-altitude-sickness,Reported
15059,G,A,0,0,G105Term,-,+,9894887,MM-/-carotid-atherosclerosis-risk-/-essential-hypertension,Reported
15060,G,A,0,0,G105E,+,-,28027978,Mitochondrial-Respiratory-Chain-Disorder,Reported
15077,G,A,133,0.22,E111K,+,-,17637808,DEAF-/-LHON,Reported
15084,G,A,0,0,W113Term,-,+,10502593,EXIT,Reported
15092,G,A,0,0,G116S,-,+,25125337,MELAS,Reported
15150,G,A,0,0,W135Term,-,+,11464242,EXIT,Reported
15153,G,A,6,0.01,G136D,-,+,27450679,Suspected-mito-disease,Reported
15158,A,G,0,0,M138V,-,+,27450679,Suspected-mito-disease,Reported
15168,G,A,0,0,W141Term,-,+,10502593,EXIT,Reported
15170,G,A,0,0,G142Term,-,+,14506725,EXIT,Reported
15197,T,C,0,0,S151P,-,+,11464242,EXIT,Reported
15200,G,T,0,0,A152S,-,+,33504965,Possible-factor-in-sepsis,Reported
15209,T,C,8,0.01,Y155H,+,-,24771578,Prader-Willi-syndrome,Reported
15218,A,G,1096,1.79,T158A,+,-,31743754,Possible-LHON-modulator,Reported
15234,G,A,0,0,W163Term,nr,nr,23847141,Leigh-stroke-like-leukodystrophy,Reported
15236,A,G,874,1.43,I164V,nr,nr,11853713,Possible-LHON-helper-(one-11778-patient),Reported
15237,T,C,7,0.01,I164T,+,-,23304069,Potentially-functional-variant-cosegregating-with-LHON3635A,Reported
15242,G,A,0,0,G166Term,-,+,9643969,Mitochondrial-Encephalomyopathy,Reported
15243,G,A,0,0,G166E,-,+,10453733,HCM,Reported
15246,G,A,0,0,G167D,-,+,28027978,Mitochondrial-Respiratory-Chain-Disorder,Reported
15256,A,G,4,0.01,V170V,+,-,24456990,Peripheral-neuropathy-of-T2-diabetes,Reported
15257,G,A,936,1.53,D171N,+,-,8680405,LHON,Conflicting-reports
15287,T,C,110,0.18,F181L,-,+,17999439,Possible-DEAF-helper-mut.,Reported|-hg-I6a-&-H10c-marker
15301,G,A,16549,27.05,L185L,nr,nr,33420243,Possible-factor-in-high-altitude-sickness+-LHON,Reported
15324,C,G,0,0,A193G,nr,nr,11853713,Possible-LHON-helper-(one-11778-patient),Reported
15350,G,A,0,0,E202K,-,+,33504965,Possible-sepsis-factor,Reported
15395,A,G,2,0,K217E,+,-,19022198,Possible-LHON-factor,Reported
15436,C,A,3,0,L230L,nr,nr,23096691,Possible-role-in-high-altitude-sickness,Reported
15453,T,C,11,0.02,L236P,+,-,24667782,Isolated-complex-III-deficiency,Reported
15497,G,A,297,0.49,G251S,+,-,12905068,EXIT-/-Obesity,Reported
15498,G,A,15,0.02,G251D,-,+,10960495,DEAF-/-Infantile-histiocytoid-cardiomyopathy,Reported
15579,A,G,0,0,Y278C,-,+,11601507,Multisystem-Disorder+-EXIT,Cfrm-[VUS*]
15615,G,A,0,0,G290D,-,+,8910895,EXIT-/-Antimycin-resistance,Reported
15620,C,A,0,0,L292I,-,+,24062162,Leigh-Syndrome-helper-mut,Reported
15635,T,C,2,0,S297P,+,-,19563916,Polyvisceral-failure,Reported
15662,A,G,204,0.33,I306V,+,+,10894993,Complex-mitochondriopathy-associated,Reported
15674,T,C,165,0.27,S310P,+,-,17003408,LHON,Reported
15693,T,C,753,1.23,M316T,+,-,20211276,Possibly-LVNC-cardiomyopathy-associated,Reported
15699,G,C,0,0,R318P,-,+,23847141,Muscle-Weakness-SNHL-and-Migraine,Reported
15723,G,A,0,0,W326Term,-,+,10502593,EXIT,Reported
15761,G,A,0,0,G339Term,,+,12686403,MM,Reported
15762,G,A,0,0,G339E,-,+,9818877,MM,Reported
15773,G,A,74,0.12,V343M,+,-,18216301,LHON,Reported---possibly-synergistic
15784,T,C,1998,3.27,P346P,+,-,24694284,POAG---potential-for-association,Reported
15800,C,T,0,0,Q352Term,-,+,11731284,EXIT-/-Myopathy,Reported
15804,T,C,39,0.06,V353A,+,-,26566881,Fibromyalgia,Reported
15812,G,A,516,0.84,V356M,+,-,8680405,LHON,Reported-/-Secondary
15894,G,A,36,0.06,,+,-,29976239,Gout,Reported
15897,G,A,1,0,,+,-,31965079,Maternally-inherited-diabetes-(MID),Reported
15901,A,G,10,0.02,,nr,nr,32169613,Hearing-loss-patient,Reported
15902,A,G,10,0.02,,nr,nr,32169613,Hearing-loss-patient,Reported
15904,C,T,990,1.62,,nr,nr,37793469,Protective-factor-for-stroke-risk-(hg-V),Reported
15908,T,C,197,0.32,,+,-,16955413,DEAF-helper-mutation,Reported
15909,A,G,6,0.01,,+,-,27544295,Hypertension,Reported
15910,C,T,31,0.05,,+,-,31842766,Tic-disorder-patient-/-hearing-loss-patient-/-coronary-heart-disease,Reported
15915,G,A,1,0,,-,+,8769114,Encephalomyopathy,Reported
15923,A,G,0,0,,+,+,1645537,LIMM-/-MERRF-/-mito-disease,Cfrm-[LP]
15924,A,G,2151,3.52,,nr,nr,2043137,LIMM,Reported
15926,C,T,10,0.02,,nr,nr,23847141,Hearing-loss-patient,Reported
15927,G,A,597,0.98,,+,-,8899049,LHON-/-Multiple-Sclerosis-/-DEAF1555-increased-penetrance-/-CHD,Reported
15928,G,A,3191,5.22,,+,+,8899049,Multiple-Sclerosis-/-idiopathic-repeat-miscarriage-/-AD-protection,Reported
15930,G,A,1313,2.15,,+,-,32400865,Possible-DEAF-risk-factor,Reported
15933,G,A,0,0,,+,-,28187756,Suspected-mito-disease,Reported
15942,T,C,444,0.73,,+,-,20211276,Possibly-LVNC-associated,Reported
15943,TT,T,860,1.41,,+,-,9832049,MM,Conflicting-reports
15948,A,G,5,0.01,,nr,nr,33289513,Reported-in-tic-disorder-patient,Reported
15950,G,A,4,0.01,,+,+,10369889,LHON-/-LHON-MS-/-dopaminergic-nerve-cell-death-(PD)-/-tic-disorder,Reported
15951,A,G,409,0.67,,+,-,16624503,LHON-/-LHON-modulator,Conflicting-reports
15952,C,T,5,0.01,,nr,nr,33289513,Reported-in-tic-disorder-patient,Reported
15958,A,T,0,0,,-,+,27816331,Severe-myopathy-/-EXIT,Reported
15965,A,G,12,0.02,,+,-,10369889,Dopaminergic-nerve-cell-death-(PD),Reported
15967,G,A,0,0,,-,+,19273760,MERRF-like-disease,Reported
15975,C,T,0,0,,-,+,19223931,Ataxia+RP+deafness,Reported
15986,G,GG,0,0,,,,31743754,LHON-modulator,Reported
15990,C,T,0,0,,-,+,7689388,MM-/-PEO,Cfrm-[LP]
15992,A,G,5,0.01,,nr,nr,"33289513,32802947","Tic-disorder-patient-/-hearing-loss-patient,Exercise-induced-muscle-swelling-and-fatigue","Reported,Reported"
15992,A,T,1,0,,+,-,"33289513,32802947","Tic-disorder-patient-/-hearing-loss-patient,Exercise-induced-muscle-swelling-and-fatigue","Reported,Reported"
15995,G,A,0,0,,-,+,12406974,Mitochondrial-cytopathy,Reported
15997,T,C,0,0,,nr,nr,32169613,Hearing-loss-patient,Reported
15998,A,T,0,0,,-,+,27536729,Mitochondrial-myopathy,Reported
16002,T,C,0,0,,-,+,11196116,Mitochondrial-cytopathy,Reported
16015,T,C,0,0,,-,+,27536729,Mitochondrial-myopathy,Reported
16018,T,TTCTCTGTTCTTTCAT,0,0,,-,+,22954281,Dilated-cardiomyopathy-(15-bp-dup)+-alternate-notation,Reported
16020,TCT,T,0,0,,-,+,27536729,Mitochondrial-myopathy,Reported
16023,G,A,0,0,,-,+,23696415,Migraine-+pigmentary-retinopathy-+deafness-+leukariosis,Reported
16032,T,TTCTCTGTTCTTTCAT,2,0,,-,+,22954281,Dilated-cardiomyopathy-(15-bp-dup)+-alternate-notation,Reported
16051,A,G,1573,2.57,noncoding,nr,nr,31824475,Possible-susceptibility-to-bullous-pemphigoid,Reported
16081,A,G,2,0,noncoding,-,+,15368478,Cyclic-Vomiting-Syndrome,Reported
16093,T,C,3472,5.68,noncoding,-,+,15368478,Cyclic-Vomiting-Syndrome-/-Increased-risk-of-breast-cancer,Reported
16129,G,A,7851,12.84,noncoding,-,+,15368478,Cyclic-Vomiting-Syndrome-with-Migraine,Reported
16162,A,G,1115,1.82,noncoding,nr,nr,31824475,Possible-susceptibility-to-bullous-pemphigoid,Reported
16176,C,T,489,0.8,noncoding,-,+,15368478,Cyclic-Vomiting-Syndrome-with-Migraine,Reported
16183,A,C,7768,12.7,noncoding,nr,+,22174736,Melanoma-patients,Reported
16188,C,CC,25,0.04,noncoding,-,+,33504965,Possible-association-with-sepsis,Reported
16189,T,C,14962,24.46,noncoding,+,-,9820026,Diabetes-/-Cardiomyopathy-/cancer-risk-/-mtDNA-copy-nbr-/-Metabolic-Syndrome-/-Melanoma-patients,Reported
16192,C,T,2655,4.34,noncoding,nr,nr,22174736,Melanoma-patients,Reported
16217,T,C,4252,6.95,noncoding,+,-,29124462,Endometriosis,Reported
16263,T,C,581,0.95,noncoding,nr,nr,31824475,Possible-susceptibility-to-bullous-pemphigoid,Reported
16270,C,T,3030,4.95,noncoding,nr,nr,22174736,Melanoma-patients,Reported
16298,T,C,4078,6.67,noncoding,nr,nr,37793469,Protective-factor-for-stroke-risk-(hg-V),Reported
16300,A,G,311,0.51,noncoding,+,-,19290059,BD-associated,Reported
16318,A,C,108,0.18,noncoding,nr,nr,,Non-alcoholic-steatohepatitis---potential-for-association,Reported
16390,G,A,3308,5.41,noncoding,+,-,24694284,POAG---potential-for-association,Reported
